-- phpMyAdmin SQL Dump
-- version 4.8.0
-- https://www.phpmyadmin.net/
--
-- Servidor: 127.0.0.1
-- Tiempo de generación: 31-10-2018 a las 13:24:40
-- Versión del servidor: 10.1.31-MariaDB
-- Versión de PHP: 7.2.4

SET SQL_MODE = "NO_AUTO_VALUE_ON_ZERO";
SET AUTOCOMMIT = 0;
START TRANSACTION;
SET time_zone = "+00:00";


/*!40101 SET @OLD_CHARACTER_SET_CLIENT=@@CHARACTER_SET_CLIENT */;
/*!40101 SET @OLD_CHARACTER_SET_RESULTS=@@CHARACTER_SET_RESULTS */;
/*!40101 SET @OLD_COLLATION_CONNECTION=@@COLLATION_CONNECTION */;
/*!40101 SET NAMES utf8mb4 */;

--
-- Base de datos: `eapi`
--

-- --------------------------------------------------------

--
-- Estructura de tabla para la tabla `migrations`
--

CREATE TABLE `migrations` (
  `id` int(10) UNSIGNED NOT NULL,
  `migration` varchar(191) COLLATE utf8mb4_unicode_ci NOT NULL,
  `batch` int(11) NOT NULL
) ENGINE=InnoDB DEFAULT CHARSET=utf8mb4 COLLATE=utf8mb4_unicode_ci;

--
-- Volcado de datos para la tabla `migrations`
--

INSERT INTO `migrations` (`id`, `migration`, `batch`) VALUES
(1, '2014_10_12_000000_create_users_table', 1),
(2, '2014_10_12_100000_create_password_resets_table', 1),
(3, '2018_10_31_094942_create_products_table', 1),
(4, '2018_10_31_100230_create_reviews_table', 2);

-- --------------------------------------------------------

--
-- Estructura de tabla para la tabla `password_resets`
--

CREATE TABLE `password_resets` (
  `email` varchar(191) COLLATE utf8mb4_unicode_ci NOT NULL,
  `token` varchar(191) COLLATE utf8mb4_unicode_ci NOT NULL,
  `created_at` timestamp NULL DEFAULT NULL
) ENGINE=InnoDB DEFAULT CHARSET=utf8mb4 COLLATE=utf8mb4_unicode_ci;

-- --------------------------------------------------------

--
-- Estructura de tabla para la tabla `products`
--

CREATE TABLE `products` (
  `id` int(10) UNSIGNED NOT NULL,
  `name` varchar(191) COLLATE utf8mb4_unicode_ci NOT NULL,
  `detail` text COLLATE utf8mb4_unicode_ci NOT NULL,
  `price` double NOT NULL,
  `stock` int(11) NOT NULL,
  `discount` double NOT NULL,
  `created_at` timestamp NULL DEFAULT NULL,
  `updated_at` timestamp NULL DEFAULT NULL
) ENGINE=InnoDB DEFAULT CHARSET=utf8mb4 COLLATE=utf8mb4_unicode_ci;

--
-- Volcado de datos para la tabla `products`
--

INSERT INTO `products` (`id`, `name`, `detail`, `price`, `stock`, `discount`, `created_at`, `updated_at`) VALUES
(1, 'fugit', 'Similique recusandae sequi nobis optio eveniet architecto. Debitis perspiciatis quaerat nulla alias ipsum officia laudantium.', 118, 4, 15, '2018-10-31 11:22:33', '2018-10-31 11:22:33'),
(2, 'porro', 'Minus consequatur harum accusantium a esse. Dolor voluptates ut sapiente distinctio omnis accusantium quas veritatis.', 935, 4, 11, '2018-10-31 11:22:33', '2018-10-31 11:22:33'),
(3, 'facere', 'Atque quasi et laudantium at ab. Cupiditate sed ex qui explicabo incidunt non quo. Et beatae inventore ad error maiores.', 582, 0, 3, '2018-10-31 11:22:33', '2018-10-31 11:22:33'),
(4, 'consequatur', 'Maiores et cum aut voluptatem harum aut et. Libero et nemo aut recusandae porro porro ex. Provident in dicta nihil repudiandae voluptatem iure.', 649, 9, 14, '2018-10-31 11:22:33', '2018-10-31 11:22:33'),
(5, 'reprehenderit', 'Sed atque atque architecto mollitia sunt sunt. Qui reiciendis consequuntur reprehenderit ea. Quasi corporis nam velit voluptatem atque. Qui mollitia pariatur quam dolorem.', 561, 3, 3, '2018-10-31 11:22:33', '2018-10-31 11:22:33'),
(6, 'ut', 'Corporis id at officiis velit. Iure dolor porro maxime praesentium aspernatur repellat repellendus. Reiciendis expedita natus saepe consectetur rerum. Quia itaque delectus et quidem vel porro.', 549, 6, 22, '2018-10-31 11:22:33', '2018-10-31 11:22:33'),
(7, 'sit', 'Dolor vero rem soluta. Eum qui nihil et expedita molestias unde. Et distinctio repellat nulla.', 295, 2, 25, '2018-10-31 11:22:33', '2018-10-31 11:22:33'),
(8, 'rerum', 'Velit ipsam aut et ab. Nisi praesentium rerum a facere sit et. Aut corporis laudantium minima accusantium aut recusandae sunt.', 235, 4, 26, '2018-10-31 11:22:33', '2018-10-31 11:22:33'),
(9, 'qui', 'Enim sed reiciendis consequuntur neque porro et. Maxime porro accusamus cum. Et tenetur nemo et vel aut ratione.', 725, 6, 18, '2018-10-31 11:22:33', '2018-10-31 11:22:33'),
(10, 'non', 'Sed tempora ipsa ut et eos. Qui qui est ea ipsam sapiente impedit. Qui facilis ducimus atque quidem error maxime ducimus. Sunt maiores accusamus repudiandae.', 990, 1, 30, '2018-10-31 11:22:33', '2018-10-31 11:22:33'),
(11, 'ipsa', 'Est dolorem in facere odit velit libero culpa. Magnam repudiandae est nesciunt voluptate necessitatibus dolores molestiae suscipit. Explicabo blanditiis sapiente quod consequatur ut nostrum distinctio consequatur. Iure qui qui velit error.', 458, 7, 29, '2018-10-31 11:22:33', '2018-10-31 11:22:33'),
(12, 'exercitationem', 'Est quibusdam aliquam amet et qui consectetur quo. Ut rerum consectetur fugit excepturi. Minus eligendi doloribus asperiores ut iste unde. Odio et et ut repellat quo quia.', 947, 7, 20, '2018-10-31 11:22:33', '2018-10-31 11:22:33'),
(13, 'ipsa', 'Voluptatem quas dignissimos labore quidem odit dolores. Numquam sit eum vel quos illo temporibus quo optio. Ut vel ab molestias ad nam veritatis sit.', 913, 9, 17, '2018-10-31 11:22:33', '2018-10-31 11:22:33'),
(14, 'a', 'Quibusdam quia laboriosam modi officiis dolores a. Quod maiores est numquam laudantium vero earum. Qui aliquam quia minima dolore qui explicabo. Voluptate suscipit at ex.', 842, 5, 8, '2018-10-31 11:22:33', '2018-10-31 11:22:33'),
(15, 'totam', 'Qui in sunt illum impedit deleniti ipsam. Repudiandae soluta ut consequatur nemo non expedita aliquid nobis. Id enim iste minus.', 700, 1, 21, '2018-10-31 11:22:33', '2018-10-31 11:22:33'),
(16, 'rem', 'Expedita dolore laborum qui voluptate temporibus ullam. Aut sapiente modi sequi consequuntur a consequuntur sit. Ipsa neque atque dolorem dolore voluptatem minima.', 106, 8, 16, '2018-10-31 11:22:33', '2018-10-31 11:22:33'),
(17, 'explicabo', 'Qui rerum itaque omnis laudantium temporibus dolores. Quas debitis mollitia odio reprehenderit. Quod quibusdam omnis fugit sed sit ut. Dolore inventore ut quaerat et quia autem.', 416, 1, 10, '2018-10-31 11:22:33', '2018-10-31 11:22:33'),
(18, 'similique', 'Dolor cumque odit accusamus voluptatem non maxime. Quas non est quia sed dolor voluptates et nesciunt. Reiciendis quasi quasi harum itaque. Tempora fugit praesentium fugiat et quis.', 461, 2, 29, '2018-10-31 11:22:33', '2018-10-31 11:22:33'),
(19, 'commodi', 'Mollitia dolores perferendis quia quia. Nemo porro quis minus quia. Earum reiciendis quasi dignissimos perspiciatis eos et. Quisquam est amet fugiat et.', 462, 3, 19, '2018-10-31 11:22:33', '2018-10-31 11:22:33'),
(20, 'et', 'Voluptas exercitationem laudantium veniam qui autem provident animi. Voluptates quia aut assumenda laboriosam magnam labore. Ullam eligendi doloremque maxime dolorem laborum quas. Qui ut est rerum cumque debitis tempore ut veniam.', 398, 5, 26, '2018-10-31 11:22:33', '2018-10-31 11:22:33'),
(21, 'in', 'Maxime in aliquam et nihil cumque. Aperiam alias magnam sed enim magnam quae ipsum. Numquam hic qui explicabo ut dolorem quibusdam.', 814, 7, 16, '2018-10-31 11:22:33', '2018-10-31 11:22:33'),
(22, 'animi', 'Esse nemo at quisquam tenetur eaque doloribus eveniet. Dicta eveniet impedit accusantium dolorem. Dolorum adipisci eligendi quis deleniti ea quas distinctio. Odio id fugiat non magni porro.', 376, 3, 4, '2018-10-31 11:22:33', '2018-10-31 11:22:33'),
(23, 'et', 'Voluptatem officia perferendis et nesciunt necessitatibus. Et ad iste porro in. Id iure ad consequuntur et quasi.', 754, 7, 22, '2018-10-31 11:22:33', '2018-10-31 11:22:33'),
(24, 'quis', 'Sed autem autem ab minima eius nihil. Omnis eius ab aperiam. Nesciunt voluptatem laborum aut nesciunt architecto fugiat nostrum.', 405, 0, 26, '2018-10-31 11:22:33', '2018-10-31 11:22:33'),
(25, 'eius', 'Error dicta quod praesentium et totam veritatis sed. Enim molestiae atque sit.', 356, 3, 5, '2018-10-31 11:22:33', '2018-10-31 11:22:33'),
(26, 'consequatur', 'Voluptas et non et. Hic ea maxime adipisci fugiat. Officiis laudantium est aliquam iusto et eum quis. Fugit rerum sit omnis consequatur perspiciatis sit.', 602, 5, 26, '2018-10-31 11:22:33', '2018-10-31 11:22:33'),
(27, 'voluptate', 'Nemo enim quo in laborum iure. Est nam qui commodi impedit quidem iure et. Ut quas temporibus est perspiciatis recusandae numquam. Occaecati minus totam est optio iusto ipsam. Quo animi officia non.', 610, 9, 5, '2018-10-31 11:22:33', '2018-10-31 11:22:33'),
(28, 'est', 'Omnis aut facere ab ipsa. Sed sunt provident quidem. Quam quasi temporibus id exercitationem aut est et dolorem. Nihil dolor sed occaecati.', 388, 8, 14, '2018-10-31 11:22:33', '2018-10-31 11:22:33'),
(29, 'sint', 'Voluptates porro commodi labore fuga voluptas. Sint magnam inventore libero fugiat quisquam et pariatur ea. Eum ducimus corporis harum corrupti. Blanditiis repellat voluptas culpa dolor.', 809, 9, 21, '2018-10-31 11:22:33', '2018-10-31 11:22:33'),
(30, 'rerum', 'Nesciunt possimus voluptatum fuga voluptas. Eius qui molestiae minima rem sed nulla nisi. Facere sed fuga voluptatem exercitationem ut.', 456, 6, 8, '2018-10-31 11:22:33', '2018-10-31 11:22:33'),
(31, 'veritatis', 'Odio animi et ex asperiores. Corporis consequuntur debitis vitae magni at facilis ipsa repudiandae. Illo quisquam voluptas repellendus aut necessitatibus aspernatur est earum. Ea magnam ipsam iure ducimus assumenda.', 952, 5, 18, '2018-10-31 11:22:33', '2018-10-31 11:22:33'),
(32, 'maiores', 'Dolor ex sint officiis eaque pariatur dolor soluta. Consectetur expedita et consequatur tempore eos ex. Repellat nihil autem itaque quia aut vitae.', 402, 1, 10, '2018-10-31 11:22:33', '2018-10-31 11:22:33'),
(33, 'voluptatem', 'Aut libero deserunt eveniet voluptatum autem adipisci veritatis. Voluptatem ut et iure deleniti. Rem voluptatibus qui explicabo reiciendis ratione. Temporibus vitae nesciunt ut et. Laudantium dolor excepturi veniam voluptatem delectus.', 925, 1, 6, '2018-10-31 11:22:33', '2018-10-31 11:22:33'),
(34, 'aperiam', 'Et perspiciatis asperiores voluptatibus in consequatur similique sequi. Quidem et sed repellat magnam id impedit. Ea minus est fugiat eum earum aut sit est. Quo quo natus vel voluptas omnis sed. Necessitatibus saepe asperiores et voluptatem.', 851, 7, 27, '2018-10-31 11:22:33', '2018-10-31 11:22:33'),
(35, 'velit', 'Illo temporibus qui id assumenda. Sit voluptate nesciunt quod ea voluptates. Magni quo tempora quo cumque quaerat. Expedita provident occaecati sapiente eaque inventore quia.', 829, 5, 27, '2018-10-31 11:22:33', '2018-10-31 11:22:33'),
(36, 'ullam', 'Et ratione in asperiores quidem eum. Dolorem rem nulla doloremque esse. Cumque aut temporibus tenetur quo saepe.', 169, 2, 24, '2018-10-31 11:22:33', '2018-10-31 11:22:33'),
(37, 'maiores', 'Ipsam dolorem officia et est illo tenetur et. Eum earum et sint quia in. Saepe autem ut error incidunt.', 756, 3, 28, '2018-10-31 11:22:33', '2018-10-31 11:22:33'),
(38, 'officiis', 'Totam voluptas fugit corrupti nihil quia dolorem et. Optio non pariatur quo culpa omnis. Dolores consequuntur ipsam quis nam quidem. Illo aut dolorum ratione aut nesciunt.', 785, 6, 28, '2018-10-31 11:22:33', '2018-10-31 11:22:33'),
(39, 'nam', 'Ut rerum fugiat illum quaerat soluta. Iste tempore rerum ea voluptatem error. Nihil voluptatem voluptas pariatur non placeat. Quam error dolore animi repellat quidem in magni excepturi.', 334, 6, 10, '2018-10-31 11:22:33', '2018-10-31 11:22:33'),
(40, 'ea', 'Cumque omnis occaecati voluptatum. Nulla velit veniam ipsam excepturi sit. Temporibus voluptates laboriosam distinctio.', 259, 3, 9, '2018-10-31 11:22:33', '2018-10-31 11:22:33'),
(41, 'ut', 'Odio nobis iusto ut magnam et accusamus reprehenderit. Rem earum labore est laudantium. Vitae rerum assumenda quia nam fuga et enim. Qui sapiente excepturi porro quia fuga dolore cumque.', 841, 1, 11, '2018-10-31 11:22:33', '2018-10-31 11:22:33'),
(42, 'sed', 'Qui ducimus nihil impedit numquam et. Est rerum provident et. Et fuga aspernatur vel placeat voluptatem pariatur doloremque. Earum officiis harum voluptas. Voluptatum qui quis recusandae neque asperiores iure magnam.', 952, 0, 14, '2018-10-31 11:22:33', '2018-10-31 11:22:33'),
(43, 'sint', 'Quos reprehenderit distinctio est. Odit dolore quia velit repellat et.', 442, 4, 26, '2018-10-31 11:22:33', '2018-10-31 11:22:33'),
(44, 'officia', 'Reiciendis quibusdam veritatis autem. Velit quasi facilis natus eum voluptate ut et. Omnis dicta sunt et consequatur pariatur exercitationem.', 494, 8, 26, '2018-10-31 11:22:33', '2018-10-31 11:22:33'),
(45, 'eum', 'Qui est tempora eius qui officia nam. Temporibus laudantium labore placeat molestias autem dolores tenetur. Qui adipisci optio sit et.', 894, 0, 9, '2018-10-31 11:22:33', '2018-10-31 11:22:33'),
(46, 'voluptas', 'Quia tenetur est sed consectetur odio laboriosam. Nesciunt placeat dolor aut explicabo distinctio nesciunt eius. Aut non nihil qui iste.', 320, 0, 19, '2018-10-31 11:22:34', '2018-10-31 11:22:34'),
(47, 'sunt', 'Nisi aspernatur officiis quam quae qui. Odit voluptatem quisquam nobis atque qui quam ad nobis. Laboriosam animi soluta error excepturi et iste. Culpa molestias aut similique minima magnam. Nostrum ipsum eligendi iste.', 215, 3, 10, '2018-10-31 11:22:34', '2018-10-31 11:22:34'),
(48, 'debitis', 'Qui quia quis non rerum placeat eligendi nihil earum. Veniam amet nostrum perferendis nulla doloribus corrupti et. Delectus aut architecto occaecati doloremque blanditiis.', 113, 5, 4, '2018-10-31 11:22:34', '2018-10-31 11:22:34'),
(49, 'amet', 'Eligendi excepturi reiciendis reprehenderit reprehenderit animi amet. Ut culpa assumenda nemo incidunt.', 460, 6, 4, '2018-10-31 11:22:34', '2018-10-31 11:22:34'),
(50, 'aut', 'Iusto molestiae minima omnis quis est. Dolorem sint qui ducimus ut. Et sunt odit eius vitae aliquam consequuntur. Adipisci tempora eveniet perspiciatis omnis enim pariatur non. Ullam et consequatur pariatur eius.', 918, 8, 9, '2018-10-31 11:22:34', '2018-10-31 11:22:34');

-- --------------------------------------------------------

--
-- Estructura de tabla para la tabla `reviews`
--

CREATE TABLE `reviews` (
  `id` int(10) UNSIGNED NOT NULL,
  `product_id` int(10) UNSIGNED NOT NULL,
  `customer` varchar(191) COLLATE utf8mb4_unicode_ci NOT NULL,
  `review` text COLLATE utf8mb4_unicode_ci NOT NULL,
  `star` int(11) NOT NULL,
  `created_at` timestamp NULL DEFAULT NULL,
  `updated_at` timestamp NULL DEFAULT NULL
) ENGINE=InnoDB DEFAULT CHARSET=utf8mb4 COLLATE=utf8mb4_unicode_ci;

--
-- Volcado de datos para la tabla `reviews`
--

INSERT INTO `reviews` (`id`, `product_id`, `customer`, `review`, `star`, `created_at`, `updated_at`) VALUES
(1, 18, 'Dr. Deontae Nader', 'Et nemo aliquam qui. At laborum non quis deserunt sint facere. Aspernatur voluptas aperiam perferendis et repellendus omnis. Eius maxime consequatur iste illo.', 2, '2018-10-31 11:22:34', '2018-10-31 11:22:34'),
(2, 40, 'Marie Murphy DVM', 'Optio enim provident et tenetur provident. Sed nihil deserunt quis porro mollitia iusto. Assumenda quis asperiores a eum recusandae est. Aspernatur sit reprehenderit occaecati sed fuga aut iusto sed.', 5, '2018-10-31 11:22:34', '2018-10-31 11:22:34'),
(3, 6, 'Alexandrea Hudson', 'Ullam impedit ad voluptatem illo veritatis velit odio. Nemo et quas id eius aut optio sunt alias. Et vel sunt ab voluptatem et perferendis.', 5, '2018-10-31 11:22:34', '2018-10-31 11:22:34'),
(4, 5, 'Kaden Cole', 'Dicta eaque libero omnis corporis. Eius adipisci iusto commodi id. Sapiente quia aut temporibus incidunt. Quo voluptas soluta sed totam doloribus consequatur. Ipsum doloribus aut voluptas ut.', 2, '2018-10-31 11:22:34', '2018-10-31 11:22:34'),
(5, 1, 'Dr. Tyler Dickens', 'Aut illo maxime quidem eos. Autem ut ea tempora amet aut temporibus cum aliquid. Commodi quis eum qui occaecati qui. Delectus itaque voluptatibus soluta dolores.', 0, '2018-10-31 11:22:34', '2018-10-31 11:22:34'),
(6, 24, 'Abraham Erdman MD', 'Itaque perferendis consequatur qui provident. Quia quos explicabo a totam quae aut qui. Numquam corporis minus dolorem officia adipisci animi voluptatem aut. Cum at veritatis dolores voluptas dicta nihil.', 5, '2018-10-31 11:22:34', '2018-10-31 11:22:34'),
(7, 21, 'Gregoria Cruickshank', 'Pariatur aut est sed repellat iure. Excepturi laboriosam quia consequuntur omnis magnam maxime deleniti. Eum asperiores et odit maxime non. Ratione reprehenderit veritatis aliquam consequatur dolores odio.', 5, '2018-10-31 11:22:34', '2018-10-31 11:22:34'),
(8, 39, 'Mrs. Alicia Trantow V', 'Mollitia dolores tempore et sapiente id sit reprehenderit et. Fugiat eum a rerum nulla et ut architecto. Ut sed praesentium cumque.', 1, '2018-10-31 11:22:34', '2018-10-31 11:22:34'),
(9, 31, 'Abby Johnson', 'Laudantium et quas sunt distinctio autem dolorum. Hic qui molestiae distinctio iure. Ullam temporibus nemo rerum neque. Accusamus ut dolore atque.', 3, '2018-10-31 11:22:34', '2018-10-31 11:22:34'),
(10, 3, 'Mercedes Graham Jr.', 'Hic quaerat ea et voluptas sit. Consequatur consequuntur laudantium perspiciatis. Quibusdam dolore eaque ut perspiciatis vel corrupti.', 4, '2018-10-31 11:22:34', '2018-10-31 11:22:34'),
(11, 39, 'Mary Ledner', 'Omnis quaerat eos ullam aut. Et adipisci amet ratione ullam ut. Et natus et reiciendis.', 0, '2018-10-31 11:22:34', '2018-10-31 11:22:34'),
(12, 26, 'Prof. Danika Littel', 'Quia aut eveniet magni magnam vel dolores. Quia corrupti nihil aliquam ut consequatur fuga blanditiis quia. Consectetur commodi sequi error at. Culpa quis laborum fugit.', 0, '2018-10-31 11:22:34', '2018-10-31 11:22:34'),
(13, 33, 'Prof. Marlen McClure DVM', 'Error possimus ex in nostrum. Fugiat perferendis doloremque nihil quas minima et. Sit ad quaerat et sunt.', 3, '2018-10-31 11:22:34', '2018-10-31 11:22:34'),
(14, 18, 'Reba Volkman', 'Voluptas nihil voluptas ut non itaque. Voluptas inventore voluptatibus vel qui quia corrupti ex inventore. In odio iusto repellendus ducimus amet placeat fugiat aut. Ut facilis consequatur beatae temporibus corrupti est sed.', 0, '2018-10-31 11:22:34', '2018-10-31 11:22:34'),
(15, 31, 'Nadia Ratke', 'Ratione ullam repellendus distinctio quis natus quo. Odio suscipit distinctio harum sapiente sint rem fugiat molestiae. Est et saepe cum.', 4, '2018-10-31 11:22:34', '2018-10-31 11:22:34'),
(16, 12, 'Dr. Gregg Swift DDS', 'Praesentium unde sunt consequatur impedit eaque fuga natus est. Eius totam odit dolor est et praesentium odit. Incidunt ut exercitationem autem deleniti vel. Sed beatae mollitia omnis.', 5, '2018-10-31 11:22:34', '2018-10-31 11:22:34'),
(17, 36, 'Amya Dooley', 'Quo nihil voluptatem repudiandae est quis tenetur. Eveniet illo eum qui aut aspernatur reprehenderit voluptatem in. Sint illo tenetur placeat ab cum. Sit voluptatibus ex nesciunt et provident corrupti.', 4, '2018-10-31 11:22:34', '2018-10-31 11:22:34'),
(18, 24, 'Reyes Rohan', 'Mollitia vel corporis occaecati nobis quisquam non voluptatem doloremque. Cupiditate repellendus culpa eos iste nesciunt eveniet. Impedit et ducimus dolor distinctio dignissimos.', 1, '2018-10-31 11:22:34', '2018-10-31 11:22:34'),
(19, 5, 'Marcelle Borer Sr.', 'Suscipit adipisci temporibus aut et fugit consectetur. Asperiores dicta nesciunt fugiat alias totam. Quisquam nobis ipsam corporis nostrum sunt expedita.', 1, '2018-10-31 11:22:34', '2018-10-31 11:22:34'),
(20, 17, 'Mariane DuBuque', 'Fugit consequatur voluptas natus quaerat rerum et praesentium. Ut qui eaque minima aut iusto aut. Laboriosam consequatur perspiciatis sit praesentium et.', 4, '2018-10-31 11:22:34', '2018-10-31 11:22:34'),
(21, 25, 'Jamarcus Trantow DDS', 'Vitae autem qui non porro laudantium inventore et illo. Aut qui sapiente ea omnis impedit alias.', 0, '2018-10-31 11:22:34', '2018-10-31 11:22:34'),
(22, 17, 'Mrs. Lucie Moen', 'Delectus animi atque ipsam quidem ut incidunt doloremque. Sed explicabo totam neque qui.', 2, '2018-10-31 11:22:34', '2018-10-31 11:22:34'),
(23, 36, 'Tressie West', 'Quia ipsa velit sequi velit. Officiis molestias inventore ut. Eum voluptate modi tenetur voluptates. Id reprehenderit reprehenderit laborum nihil ut animi natus quam.', 5, '2018-10-31 11:22:34', '2018-10-31 11:22:34'),
(24, 31, 'Wilber Kunde', 'Odit voluptatem ex magni explicabo itaque. Omnis itaque quam sed incidunt exercitationem incidunt assumenda. Quis porro asperiores velit itaque voluptatibus nobis optio. Harum recusandae eligendi nisi vel architecto. Iure et explicabo voluptates libero.', 4, '2018-10-31 11:22:34', '2018-10-31 11:22:34'),
(25, 7, 'Mr. Rico Goyette DDS', 'Omnis aspernatur praesentium et et quos. Est et consequatur consequatur quos itaque voluptatem. Nisi perspiciatis quia corrupti error sed.', 3, '2018-10-31 11:22:34', '2018-10-31 11:22:34'),
(26, 45, 'Lottie Senger', 'Ut ut iusto dolorem qui. Accusantium laborum praesentium dolores delectus deleniti voluptas. Error praesentium aliquam reprehenderit nam doloremque tempora necessitatibus.', 5, '2018-10-31 11:22:34', '2018-10-31 11:22:34'),
(27, 46, 'Theo Kuhlman', 'Error asperiores dolores nihil est consequuntur et odit. Ipsum laborum voluptas blanditiis dolorum quae. Ea maxime sint voluptatem id minima sed incidunt. Placeat dignissimos rem iste facere qui autem et in.', 5, '2018-10-31 11:22:34', '2018-10-31 11:22:34'),
(28, 8, 'Marlen Brekke', 'Placeat et omnis harum dolores alias ex. Perspiciatis sit et quo iusto quo. Modi nulla quod id eos. Sed quaerat quas assumenda exercitationem.', 2, '2018-10-31 11:22:34', '2018-10-31 11:22:34'),
(29, 2, 'Jaqueline Hill', 'Quia placeat vel assumenda nihil earum ad. Hic voluptas doloribus iste voluptas vel rerum veritatis. Ullam deleniti laboriosam incidunt consectetur necessitatibus. Unde qui vel quibusdam commodi quia molestiae.', 0, '2018-10-31 11:22:34', '2018-10-31 11:22:34'),
(30, 10, 'Prof. Edgar Braun', 'Expedita nobis laborum ut esse quae enim. Quibusdam aperiam voluptas consectetur nisi ut. Veniam cum quia porro autem exercitationem. Quis occaecati omnis officia quod ex debitis fugit.', 0, '2018-10-31 11:22:34', '2018-10-31 11:22:34'),
(31, 36, 'Daren Kuhlman', 'Et id voluptatem voluptas maxime qui ex ullam et. Consequatur placeat ad veritatis sit. Praesentium velit dolorem rerum.', 1, '2018-10-31 11:22:34', '2018-10-31 11:22:34'),
(32, 42, 'Prof. Jason Hilpert PhD', 'Quia incidunt nostrum eos maiores. Saepe voluptas possimus molestiae nihil est. Eum laboriosam exercitationem ad quod aut.', 4, '2018-10-31 11:22:34', '2018-10-31 11:22:34'),
(33, 19, 'Prof. Rodrigo Jakubowski', 'Ducimus minus quidem qui qui et excepturi. Quia eveniet omnis qui excepturi est possimus. Quia autem veniam est est ipsum tenetur vel.', 4, '2018-10-31 11:22:34', '2018-10-31 11:22:34'),
(34, 40, 'Gavin Zemlak', 'Ut rerum ut quidem minima. Aperiam quae laborum porro quisquam dolor dolorem ut. Et et numquam asperiores rem.', 4, '2018-10-31 11:22:34', '2018-10-31 11:22:34'),
(35, 18, 'Micah Hintz DVM', 'Ipsum molestiae est ratione quaerat. Et animi qui eum doloribus est ullam. Delectus ut quibusdam hic qui. Aut accusantium quis minus laboriosam. Commodi blanditiis architecto nam eligendi.', 0, '2018-10-31 11:22:34', '2018-10-31 11:22:34'),
(36, 4, 'Morton Hickle', 'Voluptas et explicabo praesentium fugiat iste. Voluptates recusandae quis tempora molestiae. Dignissimos totam ut sed earum quisquam illum.', 5, '2018-10-31 11:22:35', '2018-10-31 11:22:35'),
(37, 29, 'Marvin Ryan IV', 'Sit sunt ipsa non corrupti labore. Sit corporis accusamus voluptates. Nobis aut sit similique et ut.', 5, '2018-10-31 11:22:35', '2018-10-31 11:22:35'),
(38, 11, 'Erick Baumbach', 'Fuga distinctio repellendus nostrum asperiores commodi laborum necessitatibus. Eaque aut eos commodi est quod. Alias a tenetur voluptas ut quam qui. Velit est error odit quidem enim quasi pariatur in.', 5, '2018-10-31 11:22:35', '2018-10-31 11:22:35'),
(39, 6, 'Rossie Rutherford', 'Occaecati ab error reprehenderit vel dignissimos dolores temporibus. Et accusamus dignissimos sapiente exercitationem quam quia deleniti velit. Rerum fugit amet pariatur eveniet officiis.', 2, '2018-10-31 11:22:35', '2018-10-31 11:22:35'),
(40, 10, 'Juwan Hauck IV', 'Quo quae ea vel dolorem voluptates laboriosam et maxime. Eveniet illo rem minus ab voluptas. Incidunt vel sequi esse et aliquam quis excepturi.', 5, '2018-10-31 11:22:35', '2018-10-31 11:22:35'),
(41, 24, 'Seth Bernier', 'Doloremque fuga explicabo alias repudiandae delectus magni. Sed neque iste voluptatem quaerat laboriosam earum. Accusamus modi aut enim molestiae perferendis et officiis error. Ut repudiandae praesentium velit cum error qui quaerat. Recusandae error molestiae nisi et vel.', 2, '2018-10-31 11:22:35', '2018-10-31 11:22:35'),
(42, 24, 'Zoie Weber', 'Nisi ut ut consequatur odit expedita. Quia esse ut sed quia iure. Maiores explicabo dolorem alias libero.', 4, '2018-10-31 11:22:35', '2018-10-31 11:22:35'),
(43, 34, 'Brooklyn Harvey', 'Repudiandae non vitae quia omnis nobis eius. Numquam distinctio sit nulla iste rerum ab iure. Illum voluptatum et vitae modi commodi nihil. Omnis vel expedita impedit. Quasi asperiores mollitia rerum quo qui.', 2, '2018-10-31 11:22:35', '2018-10-31 11:22:35'),
(44, 14, 'Carley Dickinson', 'Consequatur at sunt dolor sed nobis ut. Eos aliquam facilis qui eos a. Quae dolores rem quia omnis rem ex. Maiores autem eum veritatis perferendis placeat aut. Consequatur aspernatur excepturi quaerat tenetur quae repudiandae.', 2, '2018-10-31 11:22:35', '2018-10-31 11:22:35'),
(45, 9, 'Ozella Koch', 'Maiores consequatur magni beatae optio. Suscipit dignissimos corporis similique accusantium. Sint sunt autem quisquam officia expedita aut incidunt. Accusamus adipisci est dolor et voluptate.', 1, '2018-10-31 11:22:35', '2018-10-31 11:22:35'),
(46, 34, 'Daisy Price PhD', 'Dicta eum voluptatem iste dolorum illum eos. Quibusdam amet voluptas eveniet suscipit. Quasi et tempora provident quisquam qui harum sunt.', 5, '2018-10-31 11:22:35', '2018-10-31 11:22:35'),
(47, 7, 'Joyce Kertzmann II', 'Commodi consequatur quam aut deleniti ut sed. Molestias qui aperiam voluptas omnis dolor quisquam nostrum. Ut quia dolor id molestias.', 0, '2018-10-31 11:22:35', '2018-10-31 11:22:35'),
(48, 40, 'Theo Jones', 'Tempore aut sunt minus rerum ut aut voluptas. Voluptas est dolore sit enim. Vero sunt adipisci quia enim totam aliquam. Autem rerum voluptatem voluptatibus veniam quia similique.', 4, '2018-10-31 11:22:35', '2018-10-31 11:22:35'),
(49, 14, 'Dr. Ryder Gutkowski MD', 'Quia est omnis expedita. Autem quo dolore assumenda iure ullam et. Excepturi culpa assumenda sed et et. Rerum facilis sit sed unde porro molestiae quod.', 0, '2018-10-31 11:22:35', '2018-10-31 11:22:35'),
(50, 11, 'Corine Eichmann', 'Libero cumque atque et odio. Debitis quas in tempora deserunt. Omnis amet qui et soluta delectus.', 2, '2018-10-31 11:22:35', '2018-10-31 11:22:35'),
(51, 7, 'Mckayla Predovic', 'Minus numquam quisquam voluptatem aut optio aperiam tempora. Et deleniti voluptas neque qui et ea sed maxime. Temporibus voluptatem quaerat repellendus quia rerum.', 3, '2018-10-31 11:22:35', '2018-10-31 11:22:35'),
(52, 31, 'Veda Armstrong', 'Provident et et et unde aspernatur. Eaque omnis molestias ut et sit laboriosam dolore. Incidunt iusto non consequatur adipisci perspiciatis.', 1, '2018-10-31 11:22:35', '2018-10-31 11:22:35'),
(53, 23, 'Elmira Herman Sr.', 'Earum consequatur culpa nulla dolor ea iure velit. Eveniet eos ipsum rerum eaque quo odio hic.', 5, '2018-10-31 11:22:35', '2018-10-31 11:22:35'),
(54, 40, 'Ms. Susana Padberg', 'Ut quae dolorem et ipsam consectetur. Sint quae consectetur cupiditate cumque aut qui vel consequatur. Exercitationem maiores cumque eius debitis error totam minus.', 3, '2018-10-31 11:22:35', '2018-10-31 11:22:35'),
(55, 40, 'Shayne Hagenes', 'Et harum voluptatem voluptate ut consequatur officiis nisi. Laudantium rerum animi perspiciatis perferendis quo provident voluptatem. Eius facilis explicabo labore quis officiis.', 2, '2018-10-31 11:22:35', '2018-10-31 11:22:35'),
(56, 18, 'Earlene Yost', 'Soluta incidunt dolor voluptatum dicta. Deleniti qui ducimus dignissimos mollitia dolores voluptates dolores. Rerum ullam eaque eveniet odit omnis quidem recusandae qui. Velit ut animi dolores.', 5, '2018-10-31 11:22:35', '2018-10-31 11:22:35'),
(57, 39, 'Jamal Hintz', 'Amet doloremque natus quasi earum itaque dolor et dolores. Aut adipisci exercitationem rerum et ut. Et et fugit aut. Quam ut eaque culpa repudiandae ad quia.', 4, '2018-10-31 11:22:35', '2018-10-31 11:22:35'),
(58, 4, 'Oliver Becker', 'Quod veniam quos qui deserunt soluta dignissimos. At a aut et. Voluptatibus sed tenetur necessitatibus molestiae reprehenderit non non. Deserunt voluptatem est harum enim sit repellendus.', 1, '2018-10-31 11:22:35', '2018-10-31 11:22:35'),
(59, 31, 'Jordi Langworth IV', 'Quasi quae excepturi reprehenderit sunt animi qui. Magni magni nam sed sequi qui dolor fugiat. Minima veniam iste voluptatem. Sequi ea quod sit sequi.', 4, '2018-10-31 11:22:35', '2018-10-31 11:22:35'),
(60, 21, 'Bernice Hartmann PhD', 'Exercitationem omnis molestiae ab voluptatum tempore eos quasi tenetur. Cum in natus similique modi fuga mollitia excepturi. Repellat consectetur aliquid ipsum minus porro. Voluptatum dolor modi eius reprehenderit voluptate ipsum cum.', 5, '2018-10-31 11:22:35', '2018-10-31 11:22:35'),
(61, 48, 'Isabel Reinger', 'Ut rem sit ea quo. Quod rerum sunt odio aut et unde aut. Impedit molestiae quis repudiandae mollitia dolores.', 5, '2018-10-31 11:22:35', '2018-10-31 11:22:35'),
(62, 40, 'Breana Daugherty', 'Labore qui deleniti omnis ex. Nemo voluptatem reiciendis excepturi voluptatem. Nobis accusamus inventore adipisci maiores. Dolor sint quia porro tempora odio ducimus. Qui sit omnis et aut laudantium.', 0, '2018-10-31 11:22:35', '2018-10-31 11:22:35'),
(63, 31, 'Dorthy Steuber', 'Quasi quos laudantium maxime natus suscipit. Consequuntur ducimus dolor vel vero. Necessitatibus vel consequatur non et quaerat quis aut.', 3, '2018-10-31 11:22:35', '2018-10-31 11:22:35'),
(64, 20, 'Mr. Freeman Jacobson IV', 'In aliquid accusamus et laborum porro. Et nam a non magni. Et ratione dolore consequatur necessitatibus. Necessitatibus qui laboriosam consequuntur ipsa.', 2, '2018-10-31 11:22:35', '2018-10-31 11:22:35'),
(65, 44, 'Eladio Corkery', 'Debitis ipsa repellendus voluptatem et voluptas explicabo vitae inventore. Recusandae nemo sit qui ducimus tempora voluptates vero. Autem quae nostrum dolorum omnis et accusamus. Iusto cum non eius.', 1, '2018-10-31 11:22:35', '2018-10-31 11:22:35'),
(66, 26, 'Judy Osinski', 'Vitae et praesentium occaecati non non. Labore nulla nemo non occaecati est nisi qui. Eveniet rerum totam aut doloremque. Natus blanditiis et porro eaque officiis debitis. Repellendus eius voluptas dolores soluta nulla perferendis.', 5, '2018-10-31 11:22:35', '2018-10-31 11:22:35'),
(67, 43, 'Effie Hodkiewicz', 'Reiciendis rerum totam aut aut. Accusantium illo distinctio rem voluptatem dicta hic nam. Sunt perferendis rem ut est placeat facere voluptatibus.', 0, '2018-10-31 11:22:35', '2018-10-31 11:22:35'),
(68, 11, 'Trisha Metz Sr.', 'Autem est molestiae nostrum ullam exercitationem. Quod doloremque quisquam sed nam. Ea et inventore veniam est et sunt et distinctio.', 2, '2018-10-31 11:22:35', '2018-10-31 11:22:35'),
(69, 5, 'Clinton Wiza', 'Soluta et atque est laudantium quisquam. Molestiae ut velit consequatur animi quas esse velit excepturi. Architecto dolorem ipsa accusamus dolores optio est ullam eaque. Quaerat libero animi consequatur reiciendis.', 3, '2018-10-31 11:22:35', '2018-10-31 11:22:35'),
(70, 43, 'Ms. Muriel Dietrich', 'Non qui nemo assumenda et ratione. Consequuntur est ut et eveniet ipsa et neque. Voluptas enim odit repudiandae dignissimos sit nihil.', 4, '2018-10-31 11:22:35', '2018-10-31 11:22:35'),
(71, 49, 'Mariam Runolfsdottir', 'Quod in quam distinctio eius. Rerum saepe ea doloribus est aut sunt. Maiores iusto facilis sit sunt.', 0, '2018-10-31 11:22:35', '2018-10-31 11:22:35'),
(72, 24, 'Ms. Jacklyn McKenzie', 'Consectetur id voluptatem praesentium in velit. Sequi omnis aliquam officia repellendus. Nisi et laudantium sapiente placeat. Quia officiis fugit natus doloremque commodi sed eum in.', 2, '2018-10-31 11:22:35', '2018-10-31 11:22:35'),
(73, 41, 'Cassie Dibbert', 'Voluptatem dignissimos sunt dolorem corporis corrupti necessitatibus. Consequatur non molestiae veniam consequatur vel porro provident.', 1, '2018-10-31 11:22:35', '2018-10-31 11:22:35'),
(74, 1, 'Dr. Henderson Herzog V', 'Dolorum tempora eos odio nemo quam ipsum ratione. Repellat quis esse sed sapiente non quo dolor. Iusto at molestias quo necessitatibus et est. Ex architecto velit repellat eos nostrum pariatur. Et in laudantium magni quam nostrum.', 1, '2018-10-31 11:22:35', '2018-10-31 11:22:35'),
(75, 27, 'Christine Langworth', 'Ad quo in suscipit unde in est ex aliquam. Et qui inventore et iure. Recusandae praesentium sunt et inventore. Et cupiditate id commodi vero et quae.', 5, '2018-10-31 11:22:35', '2018-10-31 11:22:35'),
(76, 44, 'Prof. Brandon Armstrong', 'Voluptatem nesciunt error voluptatum. Eveniet odio molestiae eum sapiente id quis. Ducimus est sed quia voluptas quia qui aut. Quo eos accusantium hic similique et fugit.', 5, '2018-10-31 11:22:35', '2018-10-31 11:22:35'),
(77, 36, 'Mr. Jerrold Schinner', 'Aut rerum sunt delectus impedit quam rem consequuntur. Esse aut earum quos optio sunt consequuntur voluptatum. Inventore eligendi aliquam quis ullam voluptatum. Est qui aliquid deleniti repudiandae est omnis.', 1, '2018-10-31 11:22:35', '2018-10-31 11:22:35'),
(78, 21, 'Daron Schimmel', 'Et maiores rem perspiciatis. Facilis eius voluptatem nemo voluptatem est ipsum natus. Deserunt amet ab id quisquam ut eos. Aliquid facilis sunt dolorum est nostrum nisi.', 2, '2018-10-31 11:22:35', '2018-10-31 11:22:35'),
(79, 24, 'Camylle Carroll', 'Maiores eaque ad veritatis quis fuga. Commodi id in molestiae. Doloribus et nihil in sunt quidem et. Dolorem quo saepe minima sunt alias nisi a. Laboriosam sunt molestias dignissimos et nobis tempore nemo.', 0, '2018-10-31 11:22:35', '2018-10-31 11:22:35'),
(80, 5, 'Dillon Willms IV', 'Adipisci temporibus aut nulla vel vel consequatur. Provident sequi explicabo voluptatem debitis voluptatem libero. Accusantium nostrum et ullam vitae. Tenetur reiciendis voluptates officia et sint quo.', 1, '2018-10-31 11:22:35', '2018-10-31 11:22:35'),
(81, 9, 'Mr. Kiel Ruecker', 'A dolorum deleniti voluptatibus corrupti ut. Modi aut fugiat est. Aspernatur libero nihil laboriosam minima sint sed aut.', 0, '2018-10-31 11:22:35', '2018-10-31 11:22:35'),
(82, 40, 'Easton Thiel', 'Veritatis dolorum perspiciatis et eaque. Modi temporibus possimus non cum voluptas illo sit. Qui perspiciatis voluptatem tenetur quia. Quos beatae odit voluptatibus voluptates cupiditate.', 4, '2018-10-31 11:22:35', '2018-10-31 11:22:35'),
(83, 38, 'Gia Dibbert', 'Exercitationem sint quia aut totam. Blanditiis itaque commodi adipisci nobis perferendis atque unde. Eveniet qui ea tempore quia et praesentium voluptatibus. Cumque cupiditate reprehenderit voluptatem voluptate quis est.', 5, '2018-10-31 11:22:35', '2018-10-31 11:22:35'),
(84, 23, 'Sarah Hamill', 'Et voluptatem dolores sapiente doloribus dolor. Atque pariatur vitae aperiam recusandae. Eveniet placeat libero et consequatur vitae dolorem beatae. Non voluptas id est veritatis qui et.', 3, '2018-10-31 11:22:35', '2018-10-31 11:22:35'),
(85, 50, 'Cade Lueilwitz', 'Reiciendis optio ipsam atque et. Sit ut et repellat voluptates.', 3, '2018-10-31 11:22:35', '2018-10-31 11:22:35'),
(86, 16, 'Prof. Anahi Lubowitz MD', 'Facere impedit atque dolorem qui voluptatem nam nihil. Enim corrupti necessitatibus autem et quos omnis incidunt debitis. Odio magni qui unde magnam occaecati distinctio. Laboriosam quisquam aliquid ullam nobis voluptatem et repudiandae.', 5, '2018-10-31 11:22:35', '2018-10-31 11:22:35'),
(87, 11, 'Orland Roberts', 'Omnis et dolor quis accusamus nihil sed aperiam quod. Accusantium voluptatem atque aliquid ad. Exercitationem cumque illo eum sed saepe quia. Consequatur eos et aut mollitia sunt.', 0, '2018-10-31 11:22:35', '2018-10-31 11:22:35'),
(88, 4, 'Dr. Silas Kunde', 'Recusandae quo culpa fuga tempore quis. Pariatur aperiam ipsam eos et numquam nostrum quia. Numquam eum sed cupiditate qui nesciunt molestiae laborum. Ad voluptatem quod ipsum odit eum.', 3, '2018-10-31 11:22:35', '2018-10-31 11:22:35'),
(89, 31, 'Mr. Marshall Abernathy DVM', 'Vitae architecto sed culpa minima dolores ea. Non sequi odio sed molestias nobis ut. Eum rerum velit et. Perspiciatis vero reiciendis cumque cupiditate.', 3, '2018-10-31 11:22:35', '2018-10-31 11:22:35'),
(90, 4, 'Henriette Stiedemann', 'Atque est possimus dolores exercitationem. Beatae iure facilis id delectus et molestiae. Atque reprehenderit architecto dignissimos quibusdam aut temporibus quidem. Incidunt et laudantium voluptatibus.', 3, '2018-10-31 11:22:35', '2018-10-31 11:22:35'),
(91, 11, 'Mrs. Frida Rempel', 'Ea ut porro non ipsum nobis aut quia. Voluptas quos quos a et magni velit totam iure. Similique velit qui tenetur nostrum facilis fuga consequatur.', 1, '2018-10-31 11:22:35', '2018-10-31 11:22:35'),
(92, 48, 'Norberto Spencer', 'Sapiente explicabo fugit et magni in ducimus. Magnam numquam non praesentium excepturi est.', 3, '2018-10-31 11:22:35', '2018-10-31 11:22:35'),
(93, 14, 'Marie Gorczany', 'Eos quia qui sequi asperiores quas. Dolores est commodi voluptas quia magni. Doloribus eius voluptatibus deserunt.', 4, '2018-10-31 11:22:35', '2018-10-31 11:22:35'),
(94, 40, 'Rick Volkman', 'Tempora delectus et aut repellendus aut. Quis tempore ut fugit officiis officiis perspiciatis molestiae. Necessitatibus adipisci explicabo et sed modi enim veniam assumenda. Libero minima nisi dicta sunt recusandae.', 5, '2018-10-31 11:22:35', '2018-10-31 11:22:35'),
(95, 8, 'Margarett Frami', 'Dolor eligendi aliquid quas nobis aperiam dolorem et ea. Aut non hic quos et. Quis distinctio veritatis occaecati. Nesciunt et voluptate esse aut incidunt voluptas totam et.', 3, '2018-10-31 11:22:35', '2018-10-31 11:22:35'),
(96, 26, 'Robin Lemke', 'Dolorum ipsa ut cum nesciunt. Sapiente officiis ipsum excepturi. Maxime aliquid adipisci recusandae totam libero perferendis.', 5, '2018-10-31 11:22:35', '2018-10-31 11:22:35'),
(97, 46, 'Dr. Kaylin Prohaska III', 'Odit provident quam rerum blanditiis blanditiis dicta nesciunt. Ipsam ipsa voluptate rerum velit at consequatur.', 4, '2018-10-31 11:22:35', '2018-10-31 11:22:35'),
(98, 13, 'Prof. Elisa O\'Keefe', 'Repudiandae sed dolore molestiae nobis natus corrupti eligendi. Et hic dolores consequatur ad. Est excepturi ipsam quisquam ab magni maiores. Quisquam recusandae sunt itaque est vel vitae eius facere.', 5, '2018-10-31 11:22:35', '2018-10-31 11:22:35'),
(99, 38, 'Manuela Hartmann', 'Labore soluta ea doloribus est et quos aut. Doloribus omnis ab nesciunt. Aliquid ea mollitia suscipit vitae qui soluta ea. Voluptates similique nihil facere suscipit qui.', 4, '2018-10-31 11:22:35', '2018-10-31 11:22:35'),
(100, 4, 'Cortney Skiles', 'Magni earum numquam nemo tempora eum at. Cum veritatis et eaque voluptatem qui distinctio blanditiis earum. Soluta rerum labore occaecati recusandae. Iusto voluptatibus sint maiores laudantium. Nemo voluptas veniam eum est saepe sequi omnis ut.', 0, '2018-10-31 11:22:35', '2018-10-31 11:22:35'),
(101, 20, 'Ms. Yasmine Cummerata', 'Et qui nesciunt culpa tempora veniam quis. Sunt quod eius ipsum id nemo sed aperiam expedita. Quia omnis nostrum ut aspernatur consequatur.', 3, '2018-10-31 11:22:35', '2018-10-31 11:22:35'),
(102, 34, 'Mayra Rodriguez DVM', 'Quia excepturi voluptatem culpa. Et officiis quia voluptate repellat. Porro veniam architecto provident sint sit quas cum eligendi. Est nemo aut molestiae repellendus.', 0, '2018-10-31 11:22:35', '2018-10-31 11:22:35'),
(103, 33, 'Reggie Wilderman V', 'Consequatur sunt sunt eum et ullam et. Odio magnam eum reprehenderit eius ducimus. Dicta expedita sed saepe culpa alias tempora aspernatur.', 2, '2018-10-31 11:22:35', '2018-10-31 11:22:35'),
(104, 4, 'Garett Ziemann', 'Aperiam porro incidunt sit eos qui atque. Omnis dolores a laborum nihil voluptatem vel culpa. Voluptatem blanditiis voluptatem pariatur harum voluptas. Eaque nesciunt ut quam autem.', 0, '2018-10-31 11:22:36', '2018-10-31 11:22:36'),
(105, 14, 'Prof. Garnett Armstrong I', 'Enim nostrum sint at ut. Suscipit veritatis dolorum rerum natus beatae temporibus labore. Ut maiores sed nam magni porro consequatur ipsam.', 3, '2018-10-31 11:22:36', '2018-10-31 11:22:36'),
(106, 37, 'Mr. Evan Ernser DVM', 'Adipisci magni qui sint asperiores non id. Neque et et sint exercitationem. Dicta in in ab alias nam repudiandae hic.', 0, '2018-10-31 11:22:36', '2018-10-31 11:22:36'),
(107, 17, 'Florida Murphy', 'Error id assumenda eum qui. Aspernatur aspernatur ex consectetur amet tempore aspernatur sunt. Debitis earum excepturi odit natus impedit perferendis minus.', 4, '2018-10-31 11:22:36', '2018-10-31 11:22:36'),
(108, 42, 'Dr. Meredith Schulist MD', 'Magni reprehenderit mollitia incidunt id delectus fugiat. Vel quaerat laudantium sunt quia at. Voluptatem consequuntur ut nostrum enim. Dolor sed optio laboriosam voluptates aut.', 0, '2018-10-31 11:22:36', '2018-10-31 11:22:36'),
(109, 17, 'Prof. Mariano Jast', 'Accusamus iste amet nam non et culpa et. Eos adipisci animi modi ut voluptate. Dolor quam ducimus pariatur iste consectetur consequatur harum. Labore excepturi autem nemo quidem magni.', 2, '2018-10-31 11:22:36', '2018-10-31 11:22:36'),
(110, 25, 'Estrella Bosco', 'Numquam praesentium quo veritatis iure quod iure. Voluptas culpa officiis deserunt aut ut rerum repellat minima. Repellendus ipsam vel aliquid voluptas repudiandae repudiandae est perspiciatis. Delectus dolorem deleniti a reprehenderit dolor quia molestias.', 5, '2018-10-31 11:22:36', '2018-10-31 11:22:36'),
(111, 48, 'Triston Parisian Jr.', 'Possimus quia hic aliquam necessitatibus non. Voluptatem in est cupiditate. Iure recusandae eum architecto occaecati. Veniam beatae eum dignissimos provident aliquid excepturi nesciunt quis.', 1, '2018-10-31 11:22:36', '2018-10-31 11:22:36'),
(112, 34, 'Dr. Lloyd Schmeler', 'Magni incidunt id ut doloribus placeat quibusdam libero. Ea maiores modi sit nostrum. Sunt reiciendis sed ipsam autem numquam nihil veritatis repellendus. Eligendi saepe et voluptatibus eligendi nobis voluptas dolor et.', 2, '2018-10-31 11:22:36', '2018-10-31 11:22:36'),
(113, 21, 'Maritza Daniel III', 'Sint facilis ipsum qui voluptatem suscipit. Officia accusamus sit numquam inventore voluptatem veritatis et. Nam soluta facilis vitae perferendis quo nemo. Explicabo voluptas error molestiae atque ipsum iste. Voluptas optio sit doloribus non magnam velit.', 2, '2018-10-31 11:22:36', '2018-10-31 11:22:36'),
(114, 46, 'Oswaldo Nikolaus', 'Iure ea omnis sit iste qui qui reprehenderit. Cumque aperiam cumque asperiores. Qui nam cum mollitia nihil. Qui repudiandae autem nostrum officia. Soluta beatae dolor est nulla.', 5, '2018-10-31 11:22:36', '2018-10-31 11:22:36'),
(115, 48, 'Mrs. Ashlee Nolan', 'Libero quis sunt cum voluptas consectetur similique eveniet non. Distinctio dolores id repellendus sit. Dolorum velit asperiores voluptatem iste quod. Blanditiis eos fugiat qui sapiente est et quia.', 2, '2018-10-31 11:22:36', '2018-10-31 11:22:36'),
(116, 41, 'Dr. Romaine Herman', 'Est enim libero nisi nesciunt. Ipsum in nemo numquam rem non et molestiae cumque. Nulla libero id est.', 0, '2018-10-31 11:22:36', '2018-10-31 11:22:36'),
(117, 26, 'Nickolas Runolfsson', 'Aut asperiores iste minus dolor. Rerum voluptas quam consequatur non. Facilis eius nihil hic aut.', 1, '2018-10-31 11:22:36', '2018-10-31 11:22:36'),
(118, 16, 'Dr. Mathew Pacocha', 'Fuga officia saepe veritatis enim. Nulla officia temporibus quas ut laborum fugit. Quasi dolor aspernatur et aperiam voluptatibus minus laudantium.', 0, '2018-10-31 11:22:36', '2018-10-31 11:22:36'),
(119, 48, 'Dr. Tyrell Beahan', 'Rem quis culpa ea aliquid. Quisquam odio fugiat totam sed placeat. Iure et nam vel architecto ab.', 1, '2018-10-31 11:22:36', '2018-10-31 11:22:36'),
(120, 43, 'Tyrel Leannon', 'Unde voluptates voluptatem accusamus eos quas in. Esse perspiciatis voluptatum ea consequatur earum. Aut et nostrum consequatur cum eos rerum.', 4, '2018-10-31 11:22:36', '2018-10-31 11:22:36'),
(121, 14, 'Mrs. Kianna Hintz', 'Id laborum rerum debitis eaque nesciunt. Accusantium dolor velit ut est nesciunt laborum. Voluptates quam nesciunt voluptas ut.', 4, '2018-10-31 11:22:36', '2018-10-31 11:22:36'),
(122, 26, 'Roma Waelchi Sr.', 'Deleniti deleniti tenetur et omnis et molestias. Consequatur adipisci voluptatum velit architecto ex impedit. Nam qui odio fugit molestiae. Ducimus suscipit enim ut totam.', 2, '2018-10-31 11:22:36', '2018-10-31 11:22:36'),
(123, 48, 'Prof. Jan Ledner V', 'Suscipit ipsum occaecati est corporis rerum quidem eveniet dolorem. Tenetur harum voluptate esse iste sunt itaque sequi et. Dolore omnis et eos ut.', 3, '2018-10-31 11:22:36', '2018-10-31 11:22:36'),
(124, 8, 'Mr. Ernest Johnson', 'Veritatis dolor deleniti dolores accusantium recusandae. Dicta sapiente et sit velit dolorem. Qui ipsam quae aspernatur eos quae.', 4, '2018-10-31 11:22:36', '2018-10-31 11:22:36'),
(125, 47, 'Zola DuBuque', 'Rerum cupiditate a recusandae aut. Dolore et et non ipsam sit. Modi dolorem esse et et ut consequuntur.', 2, '2018-10-31 11:22:36', '2018-10-31 11:22:36'),
(126, 30, 'Constantin Lesch', 'Voluptatem quo ipsam sit quia qui esse quis. Voluptas eos nisi tempore rerum illo qui voluptas sint. Commodi ea aut itaque enim.', 3, '2018-10-31 11:22:36', '2018-10-31 11:22:36'),
(127, 45, 'Michaela Hilpert', 'Ipsa eum voluptas dignissimos enim quia minus adipisci. Sed et ipsa facere aut et incidunt. Assumenda dicta unde incidunt ipsam vitae consequatur reiciendis. Voluptate enim quaerat et incidunt doloribus beatae.', 2, '2018-10-31 11:22:36', '2018-10-31 11:22:36'),
(128, 11, 'Destini Mosciski', 'Tempora alias sit quo laborum. Voluptatem non eius corporis est. Aut dolor natus nihil soluta tempora rerum asperiores. Asperiores quo excepturi rerum deserunt deserunt.', 2, '2018-10-31 11:22:36', '2018-10-31 11:22:36'),
(129, 39, 'Tyree Mueller', 'Atque recusandae ut illum veritatis. Et vel rerum ullam quia sint. Enim accusantium qui eum eum. Quo veritatis animi temporibus rem eius quam. Est quod et impedit quo.', 0, '2018-10-31 11:22:36', '2018-10-31 11:22:36'),
(130, 50, 'Dandre Robel PhD', 'Animi atque eligendi illum vel voluptates ut odio rerum. Labore odit qui aut omnis alias molestiae. Corporis maiores dolor voluptate eos. Laboriosam dicta magni maiores corrupti dolore quae.', 5, '2018-10-31 11:22:36', '2018-10-31 11:22:36'),
(131, 15, 'Julia Durgan', 'Nesciunt omnis provident possimus architecto non totam voluptate. Ab aliquam dolorem quas et repudiandae. Itaque est similique hic consequatur non. Ut distinctio id quia est minima sed modi labore. Consequuntur aut cumque qui neque ipsum fugit molestias.', 2, '2018-10-31 11:22:36', '2018-10-31 11:22:36'),
(132, 16, 'Gerson Funk', 'Velit itaque cupiditate deleniti laborum aspernatur excepturi quia. A voluptatem eum deserunt sint commodi fugiat amet nam. Distinctio asperiores occaecati soluta porro est beatae exercitationem. Fugit voluptatem exercitationem et sed. Aut at aperiam vel.', 0, '2018-10-31 11:22:36', '2018-10-31 11:22:36'),
(133, 35, 'Alberta Larkin', 'Eius incidunt ipsum illum inventore suscipit. Pariatur distinctio reprehenderit nulla sunt quia vitae est dolor. Deserunt sed dolor vel velit molestiae. At nulla et natus doloremque.', 5, '2018-10-31 11:22:36', '2018-10-31 11:22:36'),
(134, 6, 'Lillie Fritsch', 'Et optio non pariatur. Soluta sed temporibus quos eveniet. Nesciunt laudantium non sit officia voluptas quo distinctio. Error repudiandae dolorem ullam assumenda. Ut omnis libero rerum iste sed.', 1, '2018-10-31 11:22:36', '2018-10-31 11:22:36'),
(135, 35, 'Vernon Raynor', 'Enim molestias voluptatem voluptas qui. Fugiat porro soluta quidem et corrupti debitis aut. Quasi expedita tempore quia animi corrupti pariatur ducimus. Exercitationem libero aut similique dolor non.', 2, '2018-10-31 11:22:36', '2018-10-31 11:22:36'),
(136, 9, 'Dee Howell', 'Sequi est quo itaque. Odit dolor perspiciatis reprehenderit rem nesciunt commodi nam. Quaerat sit suscipit cumque similique voluptatem aperiam.', 3, '2018-10-31 11:22:36', '2018-10-31 11:22:36'),
(137, 41, 'Cleo Connelly', 'Sint illum ea et voluptatem ut error ratione. Quisquam nam aspernatur facilis quasi. Quis neque nam laborum ipsa voluptatem modi totam.', 4, '2018-10-31 11:22:36', '2018-10-31 11:22:36'),
(138, 23, 'Ryleigh Lind MD', 'Est ut recusandae quibusdam dicta a id. Nostrum voluptatibus fuga quod veritatis qui recusandae. Molestiae est amet natus. Voluptate molestiae quis fugiat voluptas architecto velit. Est est modi est ex reiciendis est.', 2, '2018-10-31 11:22:36', '2018-10-31 11:22:36'),
(139, 7, 'Karolann Kub', 'Accusamus eos temporibus voluptatem placeat sit nemo molestiae. Sed dolores doloremque sequi ex blanditiis qui. Enim sapiente tenetur omnis ut unde. Porro aliquid aliquid eligendi illo et. Doloribus rerum quo ullam.', 5, '2018-10-31 11:22:36', '2018-10-31 11:22:36'),
(140, 9, 'Keara Kling', 'Quia natus est nulla dolore qui id. Officia cupiditate esse odit veritatis autem. Veritatis soluta ullam sit possimus et provident ipsum. Atque illo blanditiis veniam dignissimos eaque natus.', 2, '2018-10-31 11:22:36', '2018-10-31 11:22:36'),
(141, 21, 'Mr. Charles Bayer I', 'Eum ipsam illo eveniet sint perspiciatis blanditiis. Qui veritatis explicabo recusandae commodi dignissimos deleniti. Voluptatum quae velit culpa ipsum.', 1, '2018-10-31 11:22:36', '2018-10-31 11:22:36'),
(142, 12, 'Hannah Dare', 'Ea non repellendus natus cupiditate nobis praesentium. Maxime et nemo dicta. Ea non rerum voluptate exercitationem ad tempore. Tempora aut sit molestiae occaecati blanditiis ea.', 0, '2018-10-31 11:22:36', '2018-10-31 11:22:36'),
(143, 11, 'Dr. Brenden Olson Jr.', 'Quas aut maiores aut ut consequatur deleniti culpa non. Et incidunt praesentium suscipit repudiandae quo tenetur nesciunt. Dolorem a quia occaecati eius est.', 3, '2018-10-31 11:22:36', '2018-10-31 11:22:36'),
(144, 35, 'Mr. Theodore Quigley', 'Nihil laboriosam velit et cupiditate iste. Est autem quae aspernatur repellendus. Laudantium debitis et laudantium maiores. Labore debitis sint voluptatum aut.', 4, '2018-10-31 11:22:36', '2018-10-31 11:22:36'),
(145, 48, 'Gabe Bartell', 'In aspernatur quia dolorem quos qui. Adipisci odit sed ut sit est ea. Assumenda dolores non distinctio dolorum. Repudiandae qui et vel aut corporis omnis. Deleniti quaerat ut omnis rerum hic et sint dicta.', 0, '2018-10-31 11:22:36', '2018-10-31 11:22:36'),
(146, 14, 'Buford Robel', 'Et id quasi laboriosam omnis saepe est animi. Et at exercitationem facere voluptatibus doloribus.', 1, '2018-10-31 11:22:36', '2018-10-31 11:22:36'),
(147, 48, 'Charles Jacobson', 'Aut id omnis aliquid velit deserunt autem. Quidem nulla quis voluptatem molestiae officia. Iure eum rerum aut eius.', 0, '2018-10-31 11:22:36', '2018-10-31 11:22:36'),
(148, 47, 'Dr. Buford Sporer Sr.', 'Consequatur enim qui dolor sint qui. Iusto quisquam quis voluptatum sint accusamus ut. Voluptas sed rerum temporibus corrupti aliquam. Rerum in veritatis aliquam vero illum qui dicta.', 1, '2018-10-31 11:22:36', '2018-10-31 11:22:36'),
(149, 12, 'Gerry Steuber', 'Ratione qui doloribus ducimus et. Quaerat laudantium quos veniam assumenda expedita enim. Non dolores quisquam iure tempora est suscipit sapiente. Ut est maxime inventore architecto.', 2, '2018-10-31 11:22:37', '2018-10-31 11:22:37'),
(150, 14, 'Mr. Zion Borer', 'Vitae exercitationem dolorem ut et necessitatibus. Voluptate ratione vero veritatis rerum. Deserunt qui similique rem modi a modi nostrum in. Placeat laboriosam id et dolor. Alias hic autem nulla ut ad.', 4, '2018-10-31 11:22:37', '2018-10-31 11:22:37'),
(151, 47, 'Jeffrey Baumbach PhD', 'Est delectus maxime eos quis voluptatem molestiae. Culpa iste voluptatibus sit neque. Vel eum consequuntur accusamus quia cupiditate autem fugit. Quod facilis porro mollitia.', 1, '2018-10-31 11:22:37', '2018-10-31 11:22:37'),
(152, 32, 'Dr. Tiffany Heller', 'Consequatur ratione pariatur ad libero ut quis adipisci. Sint suscipit qui fugiat voluptas. Ratione molestiae est nam hic nobis cum. Consequuntur aliquam odit assumenda.', 1, '2018-10-31 11:22:37', '2018-10-31 11:22:37'),
(153, 11, 'Mr. Nasir Cole', 'Itaque fuga voluptates fuga ut. Nihil fugit optio ipsum nihil numquam. Enim distinctio nulla corporis consequatur. Porro natus eaque minus vitae quidem quae reprehenderit cupiditate.', 3, '2018-10-31 11:22:37', '2018-10-31 11:22:37'),
(154, 27, 'Prof. Donny Von', 'Quaerat ut dolores aut. Quia rerum ut neque quidem quo vel quasi aut. Omnis expedita pariatur eum non dolor quas. Ipsum natus tempora fugiat eos.', 1, '2018-10-31 11:22:37', '2018-10-31 11:22:37'),
(155, 47, 'Tyson Hickle', 'Quia facere eum sit minus. Et voluptas facilis voluptas adipisci quae explicabo.', 2, '2018-10-31 11:22:37', '2018-10-31 11:22:37'),
(156, 43, 'Ms. Meda Kris', 'Eos natus voluptatibus id sed eligendi eligendi. Explicabo facere numquam cupiditate incidunt. Temporibus est pariatur ipsum sint praesentium rerum nobis. Dolorem et dicta earum autem et. Ea est non et fugit consectetur.', 2, '2018-10-31 11:22:37', '2018-10-31 11:22:37'),
(157, 13, 'Dr. Hailey Dooley II', 'Distinctio quia quia cupiditate quae unde. Temporibus cupiditate quo earum qui aut deserunt. Vel repudiandae quasi esse odio tempora quia aliquid.', 3, '2018-10-31 11:22:37', '2018-10-31 11:22:37'),
(158, 25, 'Hillary Gottlieb', 'Aspernatur hic delectus impedit magni dolor. Qui accusantium sunt vero qui sint non. Non dignissimos aut non. Laboriosam commodi et nam aut quaerat laboriosam repudiandae.', 5, '2018-10-31 11:22:37', '2018-10-31 11:22:37'),
(159, 47, 'Amber Halvorson DVM', 'Sapiente a quos blanditiis porro veritatis ullam atque. Sint qui quibusdam ratione. Autem ipsum alias necessitatibus quaerat dignissimos et corporis.', 1, '2018-10-31 11:22:37', '2018-10-31 11:22:37'),
(160, 25, 'Berniece Deckow Sr.', 'Voluptatem facere et illo autem dolorem rerum voluptates. Voluptatem accusantium officiis unde et neque. Tempore vel veniam rerum. Exercitationem voluptates facere laborum labore quam est dolor.', 5, '2018-10-31 11:22:37', '2018-10-31 11:22:37'),
(161, 32, 'Nova Witting', 'Voluptate voluptas culpa vero veritatis. Ratione cum dignissimos saepe perspiciatis cumque laboriosam. Assumenda dolorem quasi aliquid aut rerum consequatur.', 5, '2018-10-31 11:22:37', '2018-10-31 11:22:37'),
(162, 12, 'Jace Corkery DDS', 'Voluptas est eligendi deleniti autem neque non. Perferendis eius excepturi consequatur ut et. Hic facere sequi atque et quia.', 1, '2018-10-31 11:22:37', '2018-10-31 11:22:37'),
(163, 4, 'Willy Prohaska', 'Est suscipit et eius tempore veniam. Laudantium earum impedit magni deleniti. Recusandae suscipit provident doloribus eaque nulla. Exercitationem consequatur fuga dolorem unde dolor sint sed accusantium.', 0, '2018-10-31 11:22:37', '2018-10-31 11:22:37'),
(164, 12, 'Prof. Hiram Gutkowski', 'Velit id magnam cupiditate adipisci enim. Nisi sit natus eum. Voluptatum odio reiciendis et occaecati.', 5, '2018-10-31 11:22:37', '2018-10-31 11:22:37'),
(165, 31, 'Mrs. Carissa Treutel Jr.', 'Recusandae officiis eos non explicabo perspiciatis ipsa. Quia repudiandae voluptas nisi ea aspernatur. Fuga vero modi vero molestias.', 4, '2018-10-31 11:22:37', '2018-10-31 11:22:37'),
(166, 17, 'Ramona Hills', 'Rerum quia aspernatur voluptatem quae est. Provident occaecati quae voluptatem numquam sapiente iste distinctio nihil. Officiis id soluta error qui aspernatur harum. Quae corporis quia aut non repellendus eum inventore.', 4, '2018-10-31 11:22:37', '2018-10-31 11:22:37'),
(167, 1, 'Dr. Mikayla Batz V', 'Officia sed nisi animi neque et ea. Officia temporibus nostrum excepturi id illo et. Omnis nesciunt quo omnis aut.', 2, '2018-10-31 11:22:37', '2018-10-31 11:22:37'),
(168, 33, 'Mrs. Eden Leffler I', 'Enim inventore sed et. Velit qui odio laboriosam porro modi ea. Dolorem nihil qui laudantium. Sapiente veritatis aspernatur eos consequatur consectetur nostrum ut.', 1, '2018-10-31 11:22:37', '2018-10-31 11:22:37'),
(169, 20, 'Demario Rath', 'Rerum aperiam sequi magni deserunt. Aliquam blanditiis porro minus fugiat aliquam rem et. Nihil sit et quisquam explicabo.', 0, '2018-10-31 11:22:37', '2018-10-31 11:22:37'),
(170, 8, 'Kory Schmidt I', 'Quod eos voluptatem amet expedita placeat ipsa. Deleniti quos qui quas modi. Unde omnis molestiae provident necessitatibus.', 2, '2018-10-31 11:22:37', '2018-10-31 11:22:37'),
(171, 7, 'Queenie Grant', 'Ut aperiam aut voluptas doloribus est et aut. Ex quibusdam et voluptas soluta aperiam ut praesentium adipisci. Ut autem qui eum velit perferendis.', 4, '2018-10-31 11:22:37', '2018-10-31 11:22:37'),
(172, 50, 'Mrs. Lilyan Smitham DDS', 'Nam consequatur est voluptatem eligendi inventore magni. Consequatur cum vel incidunt sunt sed ea. Et et possimus consectetur quo voluptatem sit. Voluptates ut corporis minus error. Ab fugit dolorem culpa culpa qui qui dolorem.', 4, '2018-10-31 11:22:37', '2018-10-31 11:22:37'),
(173, 42, 'Dr. Daren Mann', 'Est neque aliquam error numquam illo quaerat voluptas. Ut asperiores officia quisquam porro. Et autem architecto eveniet delectus nihil reprehenderit qui. In laboriosam accusamus deserunt beatae et necessitatibus.', 5, '2018-10-31 11:22:37', '2018-10-31 11:22:37'),
(174, 22, 'Melissa Abbott', 'Officiis illum quisquam qui nobis sint. Rem fugiat ipsum neque. Dolorum id quae consectetur consequatur quia vitae.', 4, '2018-10-31 11:22:37', '2018-10-31 11:22:37'),
(175, 25, 'Viola Price', 'Similique quisquam repudiandae velit repudiandae voluptate pariatur. Est expedita velit nihil ducimus accusantium officiis. Iusto natus facilis hic omnis.', 1, '2018-10-31 11:22:37', '2018-10-31 11:22:37'),
(176, 40, 'Marley Weissnat', 'Tenetur occaecati sit id qui. Ipsum optio ea asperiores dolore dolor. Consequatur voluptatem quia inventore.', 4, '2018-10-31 11:22:37', '2018-10-31 11:22:37'),
(177, 43, 'Dr. Araceli Nolan Sr.', 'Ipsum nemo numquam placeat voluptas excepturi minus assumenda. Est molestiae eum blanditiis rerum a.', 1, '2018-10-31 11:22:37', '2018-10-31 11:22:37'),
(178, 30, 'Nyasia Pollich II', 'Ducimus voluptatem odio quis vero fugiat quam. Tempore aut odio quisquam ut rerum. Alias doloribus vero doloremque recusandae expedita magni iste. Nesciunt magnam inventore rerum error.', 2, '2018-10-31 11:22:37', '2018-10-31 11:22:37'),
(179, 44, 'Miss Mariam Lowe', 'Odit sed laboriosam ut provident nulla. Ab qui ut nihil explicabo inventore id. Eligendi dolorum quisquam earum eum perferendis.', 4, '2018-10-31 11:22:37', '2018-10-31 11:22:37'),
(180, 29, 'Gregory Rau', 'Quos in accusantium quam occaecati. Quae consequatur sunt velit quidem adipisci.', 4, '2018-10-31 11:22:37', '2018-10-31 11:22:37'),
(181, 24, 'Myrna Koch DDS', 'Veritatis quia repellat dicta amet impedit consectetur. Ea harum quia suscipit temporibus doloribus consequuntur inventore. Sunt ea aliquam eum velit.', 4, '2018-10-31 11:22:37', '2018-10-31 11:22:37'),
(182, 43, 'Loraine Goodwin', 'Dicta ut et mollitia nihil dolor saepe perferendis. Sit et ut autem qui dolorem qui.', 0, '2018-10-31 11:22:37', '2018-10-31 11:22:37'),
(183, 25, 'Mr. Cedrick Rempel I', 'Ab provident iusto provident ut molestiae minima. Qui ea quasi consequatur eius esse. Et ex rerum ducimus quia accusantium ea.', 1, '2018-10-31 11:22:37', '2018-10-31 11:22:37'),
(184, 7, 'Dr. Gregg Ritchie PhD', 'Qui illo veniam rerum quo sapiente et. Nemo nobis sed vero quas voluptas ratione est. Sed et sit reprehenderit libero.', 3, '2018-10-31 11:22:37', '2018-10-31 11:22:37'),
(185, 16, 'Magali Stanton', 'Impedit ducimus architecto laudantium et. Unde corrupti occaecati ea. Rerum culpa placeat placeat debitis illum.', 4, '2018-10-31 11:22:37', '2018-10-31 11:22:37'),
(186, 12, 'Maud Cummerata', 'Ratione harum molestiae consectetur vel. Illum temporibus vero facilis suscipit. Reiciendis enim aliquam temporibus deleniti deserunt vel.', 1, '2018-10-31 11:22:37', '2018-10-31 11:22:37'),
(187, 34, 'Kaleb Hessel', 'Exercitationem autem est et quam dolores iusto consequatur. Ipsam ratione enim qui. Occaecati reprehenderit sint ea quam neque.', 0, '2018-10-31 11:22:37', '2018-10-31 11:22:37'),
(188, 1, 'Magnolia Schowalter', 'Corporis voluptas ut est praesentium. Illum autem rerum et ut amet aut. Aut voluptatem beatae qui ut ea blanditiis earum natus. Aut voluptatum autem in earum.', 0, '2018-10-31 11:22:37', '2018-10-31 11:22:37'),
(189, 4, 'Dr. Jarret Shields', 'Aut magnam dolorem aperiam veniam non dolores. Aperiam nemo qui facilis nesciunt aut facilis accusamus.', 2, '2018-10-31 11:22:37', '2018-10-31 11:22:37'),
(190, 46, 'Mollie Russel MD', 'Quam nesciunt est facilis tenetur enim et. Est soluta fugiat autem et architecto. Laborum et animi qui eum omnis voluptatum in. Eius quia et tempore id.', 2, '2018-10-31 11:22:37', '2018-10-31 11:22:37'),
(191, 47, 'Kim Wilkinson', 'Aut earum consequatur nemo possimus velit expedita est. Rerum et et eos consequatur provident optio facilis et. Voluptatem similique velit est nihil reiciendis eum. Enim adipisci occaecati corrupti quaerat dolorem rem id.', 1, '2018-10-31 11:22:37', '2018-10-31 11:22:37'),
(192, 32, 'Evert VonRueden', 'Facilis aliquid aspernatur dignissimos provident sed. Tempore sequi aspernatur vel nulla. Aut quod dolorem eaque est illum aut explicabo tempore.', 4, '2018-10-31 11:22:37', '2018-10-31 11:22:37'),
(193, 1, 'Flo Green Jr.', 'Sunt aut qui neque dolorem maiores. Numquam quia occaecati fugiat accusamus. Doloremque ea nostrum in perspiciatis ipsum et.', 5, '2018-10-31 11:22:37', '2018-10-31 11:22:37'),
(194, 3, 'Mario Kshlerin', 'Velit earum qui et omnis molestiae non. Assumenda architecto facilis et facere ullam eveniet. Hic rem iure quos et voluptatem aut asperiores.', 3, '2018-10-31 11:22:37', '2018-10-31 11:22:37'),
(195, 16, 'Sally Boyle', 'Porro non impedit pariatur a in consequatur aut et. Nihil autem ad maxime dolore dolorem qui natus. Qui quo et voluptatum maiores. Vero aperiam totam et sit omnis laudantium.', 4, '2018-10-31 11:22:37', '2018-10-31 11:22:37'),
(196, 48, 'Natalie Ullrich MD', 'Sit dolorem eveniet sint explicabo aperiam delectus et voluptas. Velit pariatur illum quia voluptate deserunt numquam. Voluptatem reiciendis est sed eius.', 5, '2018-10-31 11:22:37', '2018-10-31 11:22:37'),
(197, 19, 'Henriette Gusikowski', 'Nulla veniam quos placeat aperiam ipsam corrupti. Impedit voluptas labore consequuntur ut pariatur veniam. Ratione aut aut nobis saepe excepturi. Nemo sint accusamus molestiae ad.', 1, '2018-10-31 11:22:37', '2018-10-31 11:22:37'),
(198, 8, 'Prof. Keith Dickens', 'Deserunt fuga perspiciatis ipsa. Nihil sapiente dolorem iste ullam quisquam. Exercitationem iusto ut adipisci hic velit. Velit error dolorum quos est maxime veniam.', 3, '2018-10-31 11:22:37', '2018-10-31 11:22:37'),
(199, 11, 'Dr. Guy Gorczany I', 'Quo corporis accusantium eos rerum asperiores. Ut explicabo alias qui occaecati porro a. Corrupti quo quasi recusandae est aliquam. Voluptatem veritatis doloremque qui optio omnis. Eligendi sed officiis sunt facilis.', 4, '2018-10-31 11:22:37', '2018-10-31 11:22:37'),
(200, 35, 'Olga Corkery', 'Repellat modi aliquid eos ratione totam. Corrupti dignissimos nostrum veniam. Vitae velit nemo fuga et quas minus numquam. Id eaque quis ab dolorem officiis ipsa.', 5, '2018-10-31 11:22:37', '2018-10-31 11:22:37'),
(201, 9, 'Norbert Conroy PhD', 'Maiores velit enim veritatis excepturi omnis sed esse. Architecto perspiciatis sit eum et consequatur corporis. Omnis enim ut omnis occaecati.', 0, '2018-10-31 11:22:37', '2018-10-31 11:22:37'),
(202, 47, 'Stan Hauck', 'Quis voluptas veniam quaerat in quos repellendus at qui. Et eum vel omnis aut. Temporibus est consequatur natus. Velit repellat dolor qui. Distinctio enim doloremque error est ipsam.', 3, '2018-10-31 11:22:37', '2018-10-31 11:22:37'),
(203, 45, 'Pasquale Reichel III', 'Provident ab autem necessitatibus. Impedit occaecati iusto ad voluptas sapiente. Fugit eum temporibus vero veritatis animi ea mollitia.', 4, '2018-10-31 11:22:37', '2018-10-31 11:22:37'),
(204, 33, 'Deshaun Goyette', 'Minima magni ut repellendus consequatur minima enim. Aut qui id consequatur dolores eligendi repellat.', 5, '2018-10-31 11:22:37', '2018-10-31 11:22:37'),
(205, 17, 'Kevon Cole', 'Incidunt aspernatur provident molestiae. Eum voluptas error qui sapiente. Dolor modi nisi provident. Magni voluptatibus in reiciendis exercitationem at iure et.', 5, '2018-10-31 11:22:37', '2018-10-31 11:22:37');
INSERT INTO `reviews` (`id`, `product_id`, `customer`, `review`, `star`, `created_at`, `updated_at`) VALUES
(206, 33, 'Mr. Neal Boyer', 'Delectus perspiciatis voluptates dolorem autem omnis. Tempora aspernatur quisquam illum cumque est at.', 1, '2018-10-31 11:22:37', '2018-10-31 11:22:37'),
(207, 49, 'Hadley Dooley', 'Quasi incidunt laudantium est eius quaerat velit. Dolor repudiandae voluptatibus aut voluptatibus et. Qui voluptas doloribus ad quas sed excepturi. Perferendis illo dolore in.', 2, '2018-10-31 11:22:37', '2018-10-31 11:22:37'),
(208, 13, 'Marlene Schaden', 'Voluptatem cupiditate possimus eos aut sequi adipisci consequatur. Vel repellat ut molestiae enim quo. Veniam possimus iure explicabo dolor voluptas omnis. Quisquam aut cum voluptas eos iste consequatur.', 1, '2018-10-31 11:22:37', '2018-10-31 11:22:37'),
(209, 31, 'Dr. Corrine Schoen', 'Est aspernatur accusamus numquam numquam ducimus. Repellendus qui aperiam impedit nihil rerum quibusdam. Ducimus a tempora quia accusantium iste suscipit officiis. Aut placeat magni molestias. Saepe vel a officia eum natus.', 0, '2018-10-31 11:22:37', '2018-10-31 11:22:37'),
(210, 11, 'Grayce Schmidt', 'Qui facere praesentium aut quo et. Nemo dolorem qui architecto reiciendis. Et minus vitae voluptatem et voluptas. Non et officia tempora omnis officia iusto inventore.', 0, '2018-10-31 11:22:37', '2018-10-31 11:22:37'),
(211, 24, 'Lottie Ziemann', 'Est rerum voluptatibus aut ea mollitia fuga quia. Rerum reprehenderit perspiciatis nihil magnam minus non ex porro.', 1, '2018-10-31 11:22:37', '2018-10-31 11:22:37'),
(212, 40, 'Yazmin Bruen', 'Porro eius molestiae velit laboriosam harum cumque. Tempora ut natus sed qui ea. Deleniti molestiae illum et ea. Harum dolore sapiente id dolores.', 0, '2018-10-31 11:22:37', '2018-10-31 11:22:37'),
(213, 49, 'Dr. Royal Boyle', 'Deleniti ut eum facilis dolor cumque ut sit eos. Est est ad maiores et in accusamus quidem. Maiores necessitatibus qui et et veniam molestiae quam.', 1, '2018-10-31 11:22:37', '2018-10-31 11:22:37'),
(214, 41, 'Prof. London Pfannerstill', 'Animi impedit qui ut. A laboriosam nihil et et. Officiis hic minus et delectus.', 5, '2018-10-31 11:22:37', '2018-10-31 11:22:37'),
(215, 46, 'Anna Senger', 'Esse excepturi distinctio alias voluptate. Consequatur quos facilis et et qui quia minus. At et a temporibus commodi quas et ratione. Perspiciatis impedit animi aut quia et.', 1, '2018-10-31 11:22:37', '2018-10-31 11:22:37'),
(216, 49, 'Dalton Lang', 'Ut sit ea eum vel. Quisquam eligendi in pariatur consequatur tempore. Ea repellendus non doloremque omnis qui velit quas. Vel et delectus quibusdam temporibus corrupti quia.', 4, '2018-10-31 11:22:37', '2018-10-31 11:22:37'),
(217, 30, 'Triston King', 'Facilis et libero et facilis corrupti eum. Rerum beatae in sunt a accusamus. Minus voluptate facere expedita at molestiae repellendus. Fugit voluptatem ut dolores.', 4, '2018-10-31 11:22:37', '2018-10-31 11:22:37'),
(218, 21, 'Cleveland Swift', 'Rem distinctio ut aliquid. Odio ea sint ducimus non qui quo. Aut est voluptas vel ullam ullam.', 2, '2018-10-31 11:22:37', '2018-10-31 11:22:37'),
(219, 38, 'Mr. Presley Halvorson', 'Excepturi sint iure fuga et recusandae. Ipsa cum itaque assumenda aperiam odit sequi. Maiores quis aut esse quia. Doloremque voluptatem eum veniam voluptates doloribus aut.', 0, '2018-10-31 11:22:37', '2018-10-31 11:22:37'),
(220, 44, 'Gerson Feeney', 'Reprehenderit sunt eligendi provident excepturi incidunt quibusdam quasi. Quo voluptates omnis quis mollitia amet ex dolorum. Ut cumque consequuntur expedita recusandae sequi. Asperiores qui sit minus necessitatibus aut libero aut quia.', 2, '2018-10-31 11:22:37', '2018-10-31 11:22:37'),
(221, 15, 'Gregorio Batz', 'Atque ea excepturi ut temporibus fuga optio earum. Reiciendis nihil quae illo fugiat non. Sint nisi ea quae eveniet. Dignissimos ab et est quasi fuga aut.', 1, '2018-10-31 11:22:37', '2018-10-31 11:22:37'),
(222, 27, 'Kacey Beier', 'Sunt eius eos adipisci officia. Magnam maxime ullam voluptatum est. Sunt et deleniti accusamus eaque. Mollitia sed corporis veniam exercitationem. Alias quibusdam aut voluptatem alias quia.', 0, '2018-10-31 11:22:38', '2018-10-31 11:22:38'),
(223, 11, 'Audie Little PhD', 'Dolor harum est quas nihil. Qui sit explicabo alias doloremque sit. Voluptas perspiciatis aliquid et velit autem molestiae.', 0, '2018-10-31 11:22:38', '2018-10-31 11:22:38'),
(224, 25, 'Mrs. Euna Kutch', 'Saepe molestias ratione quod sit delectus. Et voluptates dicta soluta tempore id non. Vel voluptates voluptas et quod est maxime. Unde omnis esse porro qui voluptatem non.', 5, '2018-10-31 11:22:38', '2018-10-31 11:22:38'),
(225, 14, 'Ocie Kirlin', 'Voluptate harum dicta blanditiis et repudiandae est laboriosam. Animi officia debitis enim. Aut expedita laborum minus est.', 2, '2018-10-31 11:22:38', '2018-10-31 11:22:38'),
(226, 41, 'Hobart Frami DVM', 'Deleniti et qui dolore et voluptas. Occaecati eum eaque eius velit.', 4, '2018-10-31 11:22:38', '2018-10-31 11:22:38'),
(227, 1, 'Luisa Friesen', 'Error in a repellat voluptatibus molestias adipisci sed. Et et odio nesciunt qui occaecati. Porro veniam rerum ut ab. Consequatur officia praesentium id et impedit.', 0, '2018-10-31 11:22:38', '2018-10-31 11:22:38'),
(228, 17, 'Dr. Raquel Hermann V', 'Nihil repellendus eos est nam sit. Commodi reprehenderit odit quis officiis consequuntur. Ex est est necessitatibus architecto et. Voluptas unde qui unde repellat officia.', 5, '2018-10-31 11:22:38', '2018-10-31 11:22:38'),
(229, 1, 'Dr. Joannie O\'Hara Jr.', 'Veniam exercitationem maxime deserunt blanditiis velit ea repudiandae eos. Ratione quis quam ut id et. Et ad fuga id.', 2, '2018-10-31 11:22:38', '2018-10-31 11:22:38'),
(230, 43, 'Lindsay Pacocha', 'Consequatur a id non. Vitae est laborum id aut eum. Aut in molestias alias consequatur. Mollitia corrupti cumque et omnis suscipit hic. Nisi incidunt eaque cupiditate.', 4, '2018-10-31 11:22:38', '2018-10-31 11:22:38'),
(231, 35, 'Joy Gutmann', 'Sapiente tempora placeat ipsum ipsam. Voluptatem blanditiis vel qui consequatur quo eos. At aut in cupiditate in nihil id. Exercitationem est dolores tenetur aut ex. Quia laborum eaque magni rerum consectetur natus error dolorum.', 0, '2018-10-31 11:22:38', '2018-10-31 11:22:38'),
(232, 49, 'Sedrick Wolff', 'At quia doloribus maxime reiciendis cum. Incidunt ut architecto fugiat non aperiam facere. Non quia aspernatur voluptas sint. Voluptatem eos quae sit minus suscipit.', 0, '2018-10-31 11:22:38', '2018-10-31 11:22:38'),
(233, 2, 'Tara Konopelski', 'Atque enim ut reiciendis nisi. Omnis omnis sapiente illum id quas. Illum et dolor incidunt voluptas itaque.', 4, '2018-10-31 11:22:38', '2018-10-31 11:22:38'),
(234, 40, 'Krystina Marvin', 'Deserunt iusto consequatur saepe voluptatem iste. Perspiciatis sit voluptas error. Rerum cupiditate rerum molestiae non. Dolorem ratione quos est ipsum enim.', 5, '2018-10-31 11:22:38', '2018-10-31 11:22:38'),
(235, 15, 'Astrid Parisian', 'Incidunt error et porro animi dignissimos non ullam. Assumenda voluptas quam nihil qui reiciendis eum voluptatem et. Excepturi aperiam nobis aut et ducimus. Distinctio aut sit tempora.', 5, '2018-10-31 11:22:38', '2018-10-31 11:22:38'),
(236, 1, 'Shayne Kutch', 'Dolor sint quae tempora qui reiciendis molestiae occaecati. Occaecati rerum eos ipsum qui et ipsam. Ut quo quasi dolorem nihil. Et maiores quam nam dolores nisi.', 4, '2018-10-31 11:22:38', '2018-10-31 11:22:38'),
(237, 12, 'Juliana Eichmann', 'At laboriosam aut corporis accusantium iste voluptatem. Ut voluptates officiis est libero. Omnis fuga aut enim iusto eius autem et. Ab quidem similique voluptatem.', 1, '2018-10-31 11:22:38', '2018-10-31 11:22:38'),
(238, 23, 'Junius Carroll', 'Ullam et et eos aut veniam. Libero quibusdam atque earum est minima quasi. Est quo est dicta ea adipisci occaecati.', 3, '2018-10-31 11:22:38', '2018-10-31 11:22:38'),
(239, 9, 'Richard Moore', 'In numquam minus aperiam sit iste nesciunt molestias sint. Quae quasi maiores dolores voluptas. Nihil id ratione quos assumenda. Nulla fugiat aperiam eum sapiente.', 3, '2018-10-31 11:22:38', '2018-10-31 11:22:38'),
(240, 39, 'Dahlia Ratke', 'Iusto libero ullam ut. Fuga dolorum voluptas dolore et enim ut.', 1, '2018-10-31 11:22:38', '2018-10-31 11:22:38'),
(241, 34, 'Prof. Orion Kreiger II', 'Est dolore maxime totam pariatur atque facere quasi. Eaque qui eos officia veritatis rerum. Aliquid nobis blanditiis aut unde aut et dolores. Soluta sunt id eum in sit.', 3, '2018-10-31 11:22:38', '2018-10-31 11:22:38'),
(242, 35, 'Gennaro Crona III', 'Qui impedit maiores ullam deserunt maxime est rerum debitis. Sint magnam omnis optio laboriosam. Est ut voluptatem quod sint fuga aperiam exercitationem. Veritatis aut quo tempora est et ex aliquid.', 3, '2018-10-31 11:22:38', '2018-10-31 11:22:38'),
(243, 45, 'Janet Kulas', 'Facilis placeat doloremque molestiae. Aut cumque quia nobis rem voluptatem temporibus non. Repellat mollitia aspernatur natus iusto accusantium quo itaque. Aut qui quis quia fugit.', 5, '2018-10-31 11:22:38', '2018-10-31 11:22:38'),
(244, 37, 'Ursula Senger DDS', 'Quasi maxime voluptas et impedit ut facilis. Perferendis et aut nemo accusantium.', 4, '2018-10-31 11:22:38', '2018-10-31 11:22:38'),
(245, 32, 'Annabel Marvin', 'Corrupti est quos ea est quo est earum. Aspernatur ut autem nam asperiores. Hic et quo ea. Illo vel et debitis dignissimos quos dolorem ut. Voluptate modi sit quo sit rerum.', 3, '2018-10-31 11:22:38', '2018-10-31 11:22:38'),
(246, 17, 'Frieda Dietrich', 'Quae minus eaque libero accusantium. Et occaecati totam voluptas voluptatem consequuntur error distinctio. Odit quis vitae aut molestiae.', 5, '2018-10-31 11:22:38', '2018-10-31 11:22:38'),
(247, 15, 'Brant Stroman V', 'Necessitatibus tempore nemo dolores sunt. Vel labore et modi in aut omnis tempore totam. Et impedit consequatur natus molestias voluptatum voluptatem atque.', 4, '2018-10-31 11:22:38', '2018-10-31 11:22:38'),
(248, 17, 'Miss Chaya Altenwerth IV', 'Qui quae eum consequuntur eveniet eligendi adipisci veniam ea. Et voluptates tenetur omnis magnam. Consequatur vero natus consequatur et ex quam omnis. Quam sit omnis non enim.', 1, '2018-10-31 11:22:38', '2018-10-31 11:22:38'),
(249, 22, 'Angelo Sipes', 'Aut delectus incidunt ut quia nesciunt sit dicta dicta. Laborum et debitis consectetur. Qui sunt praesentium totam rerum maiores pariatur voluptas.', 5, '2018-10-31 11:22:38', '2018-10-31 11:22:38'),
(250, 12, 'Dr. Barbara Berge', 'Quam et rerum dolor natus odio eligendi. Saepe temporibus rerum autem facilis debitis eos qui. Quis in delectus ratione fuga veritatis officiis.', 2, '2018-10-31 11:22:38', '2018-10-31 11:22:38'),
(251, 18, 'Rodrigo Wiegand', 'Dolor libero nihil voluptate quisquam magni. Laudantium facere sit a est consequuntur ut. Sed est mollitia libero.', 3, '2018-10-31 11:22:38', '2018-10-31 11:22:38'),
(252, 16, 'Linnea Kessler', 'Omnis cum magni cumque sit et. Consectetur illum porro perferendis impedit aliquid rem quo. Modi labore consequatur deserunt tempore et consequatur dolor.', 2, '2018-10-31 11:22:38', '2018-10-31 11:22:38'),
(253, 4, 'Ben Langosh', 'Tempora voluptatem et optio dolore omnis numquam. Similique molestias eum non ex. Voluptatibus fugit dicta impedit culpa quia dolorem quas. Doloribus voluptates ut magnam nihil.', 0, '2018-10-31 11:22:38', '2018-10-31 11:22:38'),
(254, 48, 'Jeffrey Welch', 'Sed molestias cum repellendus modi. Praesentium totam earum voluptatem atque dolores dolorem quia sunt. Dolor eum qui similique laudantium ipsum consequuntur consequatur. Reprehenderit eum aliquam quam tempore non est ducimus.', 0, '2018-10-31 11:22:38', '2018-10-31 11:22:38'),
(255, 18, 'Ottis Stamm MD', 'Tempore dolores sed odit hic impedit. Facere accusamus dolorum est cum ut possimus.', 2, '2018-10-31 11:22:38', '2018-10-31 11:22:38'),
(256, 4, 'Frieda Lang', 'Qui praesentium ipsam assumenda unde. Iste inventore ea et eos ipsa iusto et. Deserunt delectus saepe voluptatem suscipit. Tenetur inventore numquam cupiditate.', 5, '2018-10-31 11:22:38', '2018-10-31 11:22:38'),
(257, 31, 'Mrs. Sibyl Gleason II', 'Cupiditate voluptas nemo qui rerum. Sequi explicabo iure pariatur dignissimos velit rerum corporis. Omnis ab praesentium alias dolor voluptatem quo. Consequatur quae rerum non.', 5, '2018-10-31 11:22:38', '2018-10-31 11:22:38'),
(258, 46, 'Charlene Rutherford', 'Laborum fuga eos ut eaque molestias. Exercitationem quo voluptatem aut eum. Occaecati soluta cupiditate quasi nihil rerum omnis facilis. Quis aliquam nihil qui molestiae.', 1, '2018-10-31 11:22:38', '2018-10-31 11:22:38'),
(259, 47, 'Camila Braun', 'Sed nulla aut accusamus eum quaerat. Officiis vel neque doloribus sed commodi omnis. Doloremque nemo odio suscipit sequi blanditiis sint.', 1, '2018-10-31 11:22:38', '2018-10-31 11:22:38'),
(260, 9, 'Vicenta Boyle Jr.', 'Dolore et dolores sunt nam. Reiciendis eveniet vero ipsa quae tempora. Eos consectetur aliquam vel accusamus quia quaerat.', 5, '2018-10-31 11:22:38', '2018-10-31 11:22:38'),
(261, 7, 'Miss Layla Hettinger', 'Incidunt dignissimos possimus repellat ea expedita recusandae. Ullam repellat debitis nostrum voluptatem architecto. Officiis sit sit necessitatibus sed eos.', 2, '2018-10-31 11:22:38', '2018-10-31 11:22:38'),
(262, 12, 'Velva Walker', 'Odit sunt similique eligendi eaque aut laboriosam. Vero nam aut cumque accusantium odit. Quia quis quasi aut mollitia animi possimus.', 4, '2018-10-31 11:22:38', '2018-10-31 11:22:38'),
(263, 42, 'Chelsey Weber', 'Debitis non suscipit est consequuntur sequi ea. Rerum nam voluptas sed est animi. Aut rerum maxime omnis atque aut voluptatem.', 2, '2018-10-31 11:22:38', '2018-10-31 11:22:38'),
(264, 22, 'Miss Aglae Satterfield', 'Occaecati explicabo ut voluptatem illo dicta magni earum. Harum nostrum cumque sed quos. Quia beatae nostrum fugit eos.', 3, '2018-10-31 11:22:38', '2018-10-31 11:22:38'),
(265, 22, 'Greg Schumm', 'Et officia consectetur molestiae aperiam saepe corporis. Qui et odit et enim. Quod quis odit in error. Omnis aperiam itaque voluptatem et.', 4, '2018-10-31 11:22:38', '2018-10-31 11:22:38'),
(266, 23, 'Prof. Bud Balistreri', 'Et aspernatur sequi ut sunt quia non natus libero. Exercitationem quam at et ut. Ipsam aspernatur sed corrupti enim sed iure ut. Eligendi distinctio assumenda iure ea enim iste. Tempore eos eum provident numquam ea iste consequatur.', 5, '2018-10-31 11:22:38', '2018-10-31 11:22:38'),
(267, 26, 'Lavonne Labadie', 'Maxime aspernatur quos et maiores. Qui aut nemo eligendi iure porro praesentium ut. Repellat eum incidunt eum enim est.', 4, '2018-10-31 11:22:38', '2018-10-31 11:22:38'),
(268, 16, 'Ms. Margot Beatty PhD', 'Dolorum a expedita voluptas odit neque. Alias vel aut molestiae qui tempore rerum. Quis et est laboriosam perspiciatis mollitia ut. Et laborum quod quo cupiditate unde. Suscipit a qui et est voluptatem.', 4, '2018-10-31 11:22:38', '2018-10-31 11:22:38'),
(269, 48, 'Alexandrine O\'Connell', 'Ratione et laborum est cumque nisi et. Quia dolores accusantium rerum qui. Suscipit quisquam at inventore ea corrupti sit soluta.', 2, '2018-10-31 11:22:38', '2018-10-31 11:22:38'),
(270, 44, 'Dr. Willis Brakus', 'Quaerat ipsam tenetur odit molestiae. Unde sint occaecati rerum rerum aspernatur at modi.', 2, '2018-10-31 11:22:38', '2018-10-31 11:22:38'),
(271, 12, 'Miss Mariane Wilkinson DVM', 'Ducimus et suscipit autem. Quasi dolor atque quia repudiandae quasi fugit facilis. Ab ea et ut in mollitia illo qui quas. Fugiat sed error cum explicabo excepturi.', 3, '2018-10-31 11:22:38', '2018-10-31 11:22:38'),
(272, 22, 'Prof. Mortimer Rohan I', 'Voluptas fugit iure est harum occaecati. Totam laudantium accusamus impedit dicta earum optio recusandae. Illo quibusdam aspernatur quia sit quia.', 5, '2018-10-31 11:22:38', '2018-10-31 11:22:38'),
(273, 11, 'Jon Jones I', 'Alias voluptas iste omnis laborum amet. Aut mollitia nam repudiandae quisquam et voluptas tempora. Porro mollitia molestiae modi sequi molestias dignissimos fuga.', 2, '2018-10-31 11:22:38', '2018-10-31 11:22:38'),
(274, 28, 'Jerry Terry', 'Nulla ut quidem blanditiis. Consequatur ut a adipisci neque omnis eius porro. Ratione cumque officia ut cum.', 0, '2018-10-31 11:22:38', '2018-10-31 11:22:38'),
(275, 15, 'Prof. Delphine Parisian Sr.', 'Vero laborum architecto sequi quia ut ut. Non praesentium quaerat veniam occaecati quas. Animi culpa et quae. Distinctio aliquam facilis voluptas eos porro.', 1, '2018-10-31 11:22:38', '2018-10-31 11:22:38'),
(276, 23, 'Colby Mann', 'Accusantium qui distinctio omnis. Nisi qui tempore libero. Consectetur sit natus praesentium ipsam fugiat sunt qui.', 2, '2018-10-31 11:22:38', '2018-10-31 11:22:38'),
(277, 34, 'Fletcher Kuhlman', 'Laudantium quos aut consectetur aliquid exercitationem praesentium velit dolorum. Qui dicta iste magnam est quis nostrum perferendis. Quasi dolor praesentium voluptas ut consequatur maiores.', 1, '2018-10-31 11:22:38', '2018-10-31 11:22:38'),
(278, 4, 'Mr. Olin Ebert', 'Tempore eos commodi minima velit qui deleniti beatae. Voluptatem autem illum rerum corrupti. Ut nobis quia sapiente. Sunt neque et vero tempora voluptatem hic.', 4, '2018-10-31 11:22:38', '2018-10-31 11:22:38'),
(279, 45, 'Delilah Halvorson', 'Nemo sint sit in voluptatem similique fugiat. Ut facilis illum perferendis nihil possimus et. Id quaerat est eligendi dolor. Et et eius blanditiis vel consequuntur quia.', 1, '2018-10-31 11:22:38', '2018-10-31 11:22:38'),
(280, 48, 'Erna O\'Conner', 'Ut necessitatibus voluptatem ea ut aut vel. Ducimus similique veritatis aut adipisci voluptas enim. Aut reiciendis quo quae ullam quod qui iure dolorum. Consequatur adipisci quibusdam qui cumque error ut ut quis.', 3, '2018-10-31 11:22:38', '2018-10-31 11:22:38'),
(281, 29, 'Angelina Parisian DVM', 'Numquam odit illum nobis earum voluptas aut est dolore. Non ipsa possimus maiores quam aperiam consectetur dolores pariatur.', 4, '2018-10-31 11:22:38', '2018-10-31 11:22:38'),
(282, 9, 'Durward Torphy', 'Harum deleniti iste esse neque eum. Ea voluptatum assumenda quia unde debitis. Odit voluptas rerum exercitationem quia sed nihil dolorem est.', 5, '2018-10-31 11:22:38', '2018-10-31 11:22:38'),
(283, 48, 'Maya Kemmer', 'Deserunt sapiente qui quisquam aut laborum. Delectus aliquid itaque dolor esse. Alias earum consequatur similique modi sint ab.', 1, '2018-10-31 11:22:38', '2018-10-31 11:22:38'),
(284, 10, 'Erna Reichel', 'Molestiae enim sed enim nihil autem quibusdam quis laboriosam. Et at ipsam quis perferendis amet quibusdam numquam. Ab voluptas et quas quidem quia. Necessitatibus nulla at repellat est fuga asperiores suscipit dolorem.', 2, '2018-10-31 11:22:38', '2018-10-31 11:22:38'),
(285, 49, 'Margaretta Gibson', 'Repellendus minima minus omnis alias inventore deserunt. In voluptates a enim vitae ducimus. Sit quo rem non magni incidunt quia sint voluptatem.', 2, '2018-10-31 11:22:38', '2018-10-31 11:22:38'),
(286, 35, 'Ross Bins', 'Ut libero reprehenderit qui aut et dicta. Enim mollitia autem suscipit quibusdam aperiam atque ut. Iure debitis vitae ea qui.', 2, '2018-10-31 11:22:38', '2018-10-31 11:22:38'),
(287, 1, 'Hal Krajcik', 'Fugiat provident inventore est non explicabo amet magnam. Accusamus eum ratione et iste soluta delectus ut. Aliquid quia voluptas mollitia repudiandae ab distinctio. Voluptatibus ad facere atque illo id ut. Qui omnis aut ea hic quo eos.', 1, '2018-10-31 11:22:38', '2018-10-31 11:22:38'),
(288, 3, 'Ms. Clementine D\'Amore', 'Aut et voluptatem omnis voluptatum distinctio voluptatem. Repellendus voluptas sed nisi error recusandae et. Hic dolores sunt consectetur velit eum et.', 3, '2018-10-31 11:22:38', '2018-10-31 11:22:38'),
(289, 2, 'Mrs. Ariane Cormier', 'Est voluptatem nam molestias tempore. Voluptatibus molestiae in et tenetur corrupti.', 2, '2018-10-31 11:22:38', '2018-10-31 11:22:38'),
(290, 45, 'Brandt White', 'Ducimus veritatis totam autem. Dicta nesciunt nesciunt et velit veritatis. Et veniam voluptatibus perspiciatis consequatur voluptatum est nisi.', 5, '2018-10-31 11:22:38', '2018-10-31 11:22:38'),
(291, 16, 'Tate Barrows', 'Et vel aliquid quaerat perspiciatis. Officiis aut ad distinctio ipsa voluptatem. Vel magnam deserunt libero.', 1, '2018-10-31 11:22:38', '2018-10-31 11:22:38'),
(292, 23, 'Frances Pfeffer', 'Numquam voluptas velit sed provident impedit. Laboriosam voluptatem aut unde dolorum. Sunt hic labore placeat ipsa libero delectus pariatur. Debitis in quis laudantium accusantium. Tempore voluptas dolores non recusandae animi quas voluptatem.', 3, '2018-10-31 11:22:38', '2018-10-31 11:22:38'),
(293, 6, 'Otho Crist', 'Qui id nobis aut. Iste beatae recusandae error eligendi. Voluptas architecto reprehenderit doloremque qui aut dolores.', 1, '2018-10-31 11:22:38', '2018-10-31 11:22:38'),
(294, 18, 'Okey Morissette', 'A eaque dolorem nisi aut aut nostrum ipsum. Nobis perspiciatis ut minus temporibus amet. Voluptatem nemo debitis deleniti aperiam quidem voluptatibus. Harum expedita sint esse consequatur modi provident necessitatibus.', 3, '2018-10-31 11:22:38', '2018-10-31 11:22:38'),
(295, 20, 'Max Davis', 'Corporis inventore enim qui repellendus eum. Rerum temporibus qui saepe qui deleniti. Ea quibusdam ullam a aut perferendis. Culpa iure et quia nesciunt impedit laboriosam amet odit.', 2, '2018-10-31 11:22:38', '2018-10-31 11:22:38'),
(296, 36, 'Hilma Champlin', 'Cum amet mollitia sit non. Quaerat sapiente sed quia labore explicabo. Id nihil et culpa aut deserunt est.', 5, '2018-10-31 11:22:38', '2018-10-31 11:22:38'),
(297, 11, 'Prof. Zackery Hayes MD', 'Velit vel illo eos dolores quae tempore quibusdam maiores. Consequatur dolores quasi mollitia quo laboriosam. Consequuntur optio assumenda cum et beatae. Dolor accusantium adipisci quisquam consectetur.', 5, '2018-10-31 11:22:38', '2018-10-31 11:22:38'),
(298, 6, 'Maxine McCullough II', 'Sed sequi aut quae officiis. Sed qui reprehenderit et ipsa assumenda voluptas est ea. Beatae iure quia ut commodi blanditiis praesentium impedit. Qui culpa sunt aperiam minima blanditiis ea rem. Culpa quia delectus ipsum praesentium.', 3, '2018-10-31 11:22:38', '2018-10-31 11:22:38'),
(299, 31, 'Adolphus Maggio', 'Cum cum praesentium officiis sunt porro qui incidunt. Facilis voluptates rerum quis necessitatibus porro fuga. Accusantium assumenda dolorum laborum quis voluptates ipsam. Ipsum temporibus quo similique ut nemo et eos. Sed porro amet et nihil nesciunt.', 4, '2018-10-31 11:22:39', '2018-10-31 11:22:39'),
(300, 6, 'Celine Predovic Sr.', 'Amet eligendi unde ut explicabo. Ut maxime officia laborum eum voluptatem sequi rerum fugiat. Temporibus at dolorem commodi. Inventore rerum est eos pariatur numquam et minima.', 1, '2018-10-31 11:22:39', '2018-10-31 11:22:39');

-- --------------------------------------------------------

--
-- Estructura de tabla para la tabla `users`
--

CREATE TABLE `users` (
  `id` int(10) UNSIGNED NOT NULL,
  `name` varchar(191) COLLATE utf8mb4_unicode_ci NOT NULL,
  `email` varchar(191) COLLATE utf8mb4_unicode_ci NOT NULL,
  `password` varchar(191) COLLATE utf8mb4_unicode_ci NOT NULL,
  `remember_token` varchar(100) COLLATE utf8mb4_unicode_ci DEFAULT NULL,
  `created_at` timestamp NULL DEFAULT NULL,
  `updated_at` timestamp NULL DEFAULT NULL
) ENGINE=InnoDB DEFAULT CHARSET=utf8mb4 COLLATE=utf8mb4_unicode_ci;

--
-- Índices para tablas volcadas
--

--
-- Indices de la tabla `migrations`
--
ALTER TABLE `migrations`
  ADD PRIMARY KEY (`id`);

--
-- Indices de la tabla `password_resets`
--
ALTER TABLE `password_resets`
  ADD KEY `password_resets_email_index` (`email`);

--
-- Indices de la tabla `products`
--
ALTER TABLE `products`
  ADD PRIMARY KEY (`id`);

--
-- Indices de la tabla `reviews`
--
ALTER TABLE `reviews`
  ADD PRIMARY KEY (`id`),
  ADD KEY `reviews_product_id_index` (`product_id`);

--
-- Indices de la tabla `users`
--
ALTER TABLE `users`
  ADD PRIMARY KEY (`id`),
  ADD UNIQUE KEY `users_email_unique` (`email`);

--
-- AUTO_INCREMENT de las tablas volcadas
--

--
-- AUTO_INCREMENT de la tabla `migrations`
--
ALTER TABLE `migrations`
  MODIFY `id` int(10) UNSIGNED NOT NULL AUTO_INCREMENT, AUTO_INCREMENT=5;

--
-- AUTO_INCREMENT de la tabla `products`
--
ALTER TABLE `products`
  MODIFY `id` int(10) UNSIGNED NOT NULL AUTO_INCREMENT, AUTO_INCREMENT=51;

--
-- AUTO_INCREMENT de la tabla `reviews`
--
ALTER TABLE `reviews`
  MODIFY `id` int(10) UNSIGNED NOT NULL AUTO_INCREMENT, AUTO_INCREMENT=301;

--
-- AUTO_INCREMENT de la tabla `users`
--
ALTER TABLE `users`
  MODIFY `id` int(10) UNSIGNED NOT NULL AUTO_INCREMENT;

--
-- Restricciones para tablas volcadas
--

--
-- Filtros para la tabla `reviews`
--
ALTER TABLE `reviews`
  ADD CONSTRAINT `reviews_product_id_foreign` FOREIGN KEY (`product_id`) REFERENCES `products` (`id`) ON DELETE CASCADE;
COMMIT;

/*!40101 SET CHARACTER_SET_CLIENT=@OLD_CHARACTER_SET_CLIENT */;
/*!40101 SET CHARACTER_SET_RESULTS=@OLD_CHARACTER_SET_RESULTS */;
/*!40101 SET COLLATION_CONNECTION=@OLD_COLLATION_CONNECTION */;
